"a","啊阿婀疴屙锕钶錒妸妿娿痾鈳"
"aa","鸦丫桠吖铔椏鴉鵶錏"
"aah","亚娅垭氩覀襾亞俹埡婭氬稏"
"aay","嗄餲欬"
"aaf","黤"
"aac","瀴"
"aal","晏鴳騴鷃"
"aap","压押鸭庘鴨壓"
"aat","呾劜"
"aau","坳軪眑窅梎"
"aaw","軪岰袎靿箹"
"aav","拗狕鴢"
"aax","哑痖啞瘂"
"ae","娃唲"
"aeh","隘賹阸"
"aey","呃呝"
"aej","挨"
"aek","厄扼呃苊轭砈戹阨阸呝蚅軛軶豟搤貖"
"aem","淊"
"aeb","揞韽淊"
"aef","黯"
"aen","黫黰"
"aeq","樱莺罂鹦嘤嫈罃褮甖罌嚶櫻譻鶯鸎鸚"
"aec","嫈"
"aep","凹圔浥"
"aet","轧揠嫼穵圠軋猰窫"
"aex","矮躷"
"ah","侉"
"ay","蔼霭砹藹靄壒馤"
"ak","恶垩堊惡蝁"
"af","埯揜"
"an","安鞍氨桉侒鞌"
"aq","咉姎眏佒"
"ac","盎醠"
"ag","醠咉姎坱軮駚"
"al","按案胺荌洝"
"ar","铵銨"
"aok","握渥幄喔龌龏偓媉楃腛齷鷽箹"
"aoq","胦"
"aog","慃"
"ap","盦廅鰪"
"at","遏阏咹頞餲齃堨閼"
"au","鏖熝"
"aw","奥澳懊岙燠镺奧嶴隩墺"
"av","袄媪燠芺镺媼襖郩蝹"
"ax","桠妸娿椏"
"bba","爬琶杷筢掱"
"bbah","耙跁"
"bbay","败敗贁"
"bbak","白舶帛鲌鮊"
"bbab","湴埿"
"bbaq","膨彭澎嘭蒡蟛篣搒輣憉蟚騯"
"bbac","甏"
"bbag","鮩"
"bbar","阪昄魬"
"bbau","跑刨咆庖狍匏掊飑龅尥齙鉋颮麃瓟炰鞄麅捊"
"bbaw","疱鉋靤骲鞄皰"
"bbav","鲍孢骲鮑鞄"
"bbax","跁"
"bbe","牌郫棑犤蠯"
"bbeh","稗粺"
"bbei","牌排俳輫猈"
"bbey","惫鞴韛憊韝棑"
"bbek","繴欂"
"bben","爿丬"
"bbeq","弸輣"
"bbec","掽"
"bbeg","傡螷蠯"
"bbel","办瓣辦釆"
"bbet","拔菝"
"bbex","罢罷矲猈"
"bhay","旆軷"
"bhak","箔鉑礡鑮踄"
"bhaq","房旁膀螃彷趽篣髈騯"
"bhac","傍徬"
"bbok","雹鳆窇骲瓝瓟豰懪犦鰒謈"
"bboq","庞逄舽胮龐"
"bbog","棒蚌玤棓蜯"
"bhau","袍袌軳"
"bhaw","暴曝瀑勽菢袌虣"
"bhav","抱"
"bhax","爸"
"bhei","鼙鞞笓崥椑膍"
"bhey","薜鐾"
"bhej","陛髀梐"
"bhek","甓鸊椑鷿"
"bhen","骈胼蹁跰楄賆骿駢玭琕蠙軿"
"bheq","瓶萍屏畊郱荓洴蓱蛢缾軿竮箳"
"bheg","并並竝鮩"
"bher","扁辫艑辮"
"broj","倍蓓碚"
"brok","菔踣僰蔔垘"
"broq","棚朋鹏甭硼堋倗鬅鵬"
"broc","蹦倗"
"bhet","瘪蹩柲苾飶馝咇蛂襒癟"
"bhi","毗琵枇芘蚍貔仳鈚沘魮阰肶毘豼膍鵧"
"brek","欂"
"breq","平评坪枰鲆泙胓蚲評鮃"
"brec","病枰"
"bre","皮疲郫犤"
"breh","鞁髲旇"
"brel","拚卞汴苄弁忭抃昪閞匥笲"
"brer","辨辩谝辡辯諞"
"bret","别別"
"brev","殍莩藨"
"brex","被"
"bje","脾啤裨纰郫埤蜱陴紕焷螷蠯"
"bjeh","避鐾"
"bjey","币弊毙敝幣獘斃"
"bjek","萆擗躃躄椑闢"
"bjen","谝缏箯緶楩楄諞"
"bjec","庰偋"
"bjel","便"
"bjer","谝楩諞"
"bjeu","瓢剽螵薸"
"bjew","骠驃"
"bjev","膘鳔摽鰾顠慓"
"bjex","婢庳"
"bhih","比鼻芘坒襣"
"bhe","邳鉟魾岯"
"bheh","备鞴俻備犕糒赑奰贔韨絥韍"
"brin","贫貧"
"brip","鴔"
"brit","弼佖邲駜胇"
"bhex","否痞殍圮仳"
"bhik","馥愎腷踾鶝"
"bhin","苹频颦嫔獱玭頻薲嬪嚬蠙顰蘋"
"bhiq","凭淜憑"
"bhic","靐"
"bhir","膑髌牝猵臏髕"
"bhit","吡柲坒佖邲苾怭妼飶馝綼駜鮅咇鮩"
"bju","浮涪罘蜉掊桴棓芣枹哹琈烰罦艀鉜粰"
"bjuh","椱"
"bjux","负妇阜阝負偩婦萯蝜"
"bho","葡蒲菩匍荹蒱蜅酺"
"bhoh","步捕埠哺鞴鵏荹餔鮬"
"bhoi","陪培赔徘裴锫棓輫婄毰賠錇"
"bhoy","背佩焙邶苝鄁偝琲珮"
"bhoj","痱琲"
"bhok","仆镤轐僕瞨鏷"
"bhon","盆湓葐"
"bhol","坌"
"bhor","笨獖"
"bhot","脖勃渤悖饽荸鹁孛艴誖餑郣挬浡桲馞鵓"
"bhox","部簿"
"bhu","掊裒抔捊箁"
"bwa","婆鄱皤碆媻搫蔢"
"bwak","薄泊礴箔铂亳鉑礡鑮踄"
"bwan","盘蹒磐蟠瘢磻幋媻槃搫盤縏蹣鎜鞶柈"
"bwal","叛畔"
"bwar","伴拌"
"bwat","拔跋钹菝魃茇犮坺妭胈炦癹軷颰鼥鈸馛"
"bhuk","暴仆曝瀑菐僕穙"
"bhuq","蓬篷芃韸髼"
"bhug","唪埲菶"
"bhux","部瓿蔀篰婄犃"
"bjiu","淲滮瀌"
"bvay","吠茷鼣"
"bvak","缚縛"
"bvam","凡帆颿柉氾"
"bvab","梵颿"
"bvaf","范犯軓笵範"
"bvaq","房防肪鲂鴋魴"
"bvap","乏姂"
"bvoi","肥腓痱淝蜰蟦"
"bvoy","费翡腓痱狒怫蟦萉屝費黂"
"bvoj","蟦陫橨膹"
"bjuk","服复伏袱茯馥匐菔鞴鳆畐洑栿虙棴絥箙澓鵩復椱蕧輹鰒"
"bjun","坟汾焚棼鼢妢棻枌朌肦蚡羒梤馚蕡鳻魵"
"bjuq","冯沨堸馮渢芃"
"bjuc","凤鳳"
"bjul","分份坌坋秎"
"bjur","愤鼢坌鲼蚡魵轒坋弅墳憤膹鱝"
"bvo","夫符扶芙凫蚨瓿苻枎泭玸枹鳧颫榑坿"
"bvoh","附跗驸赙鲋胕坿祔袝蚹駙鮒賻"
"bvok","幞襆"
"bvon","繁烦樊矾袢蘩蹯燔墦旛笲棥煩緐璠薠"
"bvoq","逢缝夆捀漨縫"
"bvoc","俸捀"
"bvog","奉唪"
"bvol","饭閞飯飰"
"bvor","饭笲飯軬"
"bvot","罚伐阀筏垡坺橃茷栰閥罰瞂藅"
"bvox","父辅腐釜滏輔鬴蚥秿"
"bjut","佛怫坲刜咈炥"
"zah","做佐袏"
"zak","作凿柞迮鑿糳"
"zan","臢"
"zaq","赃臧匨贓"
"zac","葬"
"zag","脏驵驡髒駔"
"zal","赞趱攅趲賛鄼贊酇讃灒襸讚饡"
"zar","攒趱攢趲"
"zat","拶"
"zau","遭糟傮醩蹧"
"zaw","灶躁趮竈"
"zav","早枣澡藻缫蚤缲繅棗璅璪薻繰"
"zax","左"
"zei","挤跻赍齑隮賷櫅躋齎齏擠齌麡啙"
"zey","济霁隮濟穧霽"
"zej","济濟癠夘"
"zek","绩勣績樍"
"zeb","僭"
"zen","笺鞯湔牋箋韉帴籛濺瀳轃"
"zel","荐牮薦"
"zeoi","灾栽哉災烖菑渽睵"
"zeoy","再载載縡"
"zeoj","宰縡"
"zeok","则則"
"zeom","簪糌篸鐕撍"
"zeob","篸撍"
"zeof","昝寁撍"
"zeoq","曾增憎罾竲橧熷磳矰譄"
"zeop","匝咂嘁唼帀迊沞魳噆"
"zep","浃浹"
"zet","节疖卩蝍癤節楶幯"
"zev","湫劋"
"ca","磋搓蹉瑳傞溠"
"cay","蔡"
"cak","错縒剒莡逪錯"
"caf","黪黲"
"can","餐飡湌"
"caq","仓苍舱沧伧鸧倉凔蒼滄艙鶬傖"
"cal","灿璨粲薒燦"
"cap","囃"
"cat","擦礤攃"
"cau","操幧"
"caw","造操糙肏鼜慅鄵懆艁慥"
"cav","草艹艸愺騲慅懆"
"cax","瑳硰"
"cei","妻凄萋齌郪淒悽緀霋鶈"
"cey","切砌摖"
"cej","玼泚皉緀"
"cek","戚慽慼鏚磩鼜"
"cef","憯"
"cen","千钎阡芊仟圱汘杄谸釺"
"ceq","青蜻鲭靑鶄鯖靘"
"cec","掅靘"
"cel","倩茜芊棈蒨輤篟綪"
"ceoi","猜偲睵"
"ceoy","菜埰棌"
"ceoj","彩采踩睬採寀綵"
"ceok","墄"
"ceom","参骖參傪驂"
"ceob","謲"
"ceof","惨黪傪慘憯黲朁噆"
"ceoc","蹭"
"cet","切窃沏詧竊柣"
"ci","趑趀蠀郪"
"ciah","笪笡"
"ciax","且"
"ciak","鹊舄踖皵碏趞鵲"
"ciaq","将枪锵跄锖鸧鶬將玱斨瑲槍嶈牄篬錆謒蹡鏘嗆蹌"
"ciac","呛戗炝戧蹡嗆熗"
"ciag","抢搶摤"
"cie","雌姕鈭胔"
"cieh","刺朿刾庛莿蛓"
"ciek","碛磧皵洓嫧"
"ciem","签佥椠鹼僉簽籤槧憸譣"
"cieb","堑椠塹槧壍嬱"
"cief","憸"
"cien","迁扦遷櫏韆"
"cieq","清圊"
"ciec","凊"
"cieg","请請"
"cier","浅淺"
"ciep","妾鏶淁緁踥穕鯜"
"cieu","锹幧鍫鍬篍鐰"
"ciew","俏峭陗帩篍"
"ciev","悄愀釥"
"ciex","此玼佌泚跐"
"cih","次佽絘"
"cim","侵骎綅駸"
"cib","沁吣吢唚"
"cif","寝锓梫寑寢鋟"
"cin","亲寴親"
"cil","亲儭寴瀙親"
"cir","笉"
"cio","疽趄蛆狙苴雎砠坥伹蒩岨"
"cioh","觑坥刞覷覰"
"cip","缉葺緝諿咠"
"ciy","蛓螆"
"cit","七漆柒桼"
"ciu","秋鳅楸湫秌萩鹙篍緧趥鞦鞧蟗鶖鰍鰌"
"co","觕麁麤"
"coh","措醋厝酢"
"coi","催崔缞縗"
"coy","淬啐焠倅"
"coj","璀漼皠"
"con","村"
"col","寸吋"
"cor","忖刌"
"cot","卒猝"
"cox","蔖"
"cua","遳"
"coay","啐"
"cuah","磋锉剉莝銼諎"
"cuay","襊"
"cuan","撺爨汆攛躥鋑"
"cual","窜蹿爨镩躥鑹殩竄"
"cuat","撮襊"
"cuax","脞"
"cuh","凑辏蔟嗾腠楱湊輳"
"cuk","簇蔟趗瘯梀"
"cuq","葱聪匆囱骢璁囪忩怱悤楤蔥聦樬熜聰蟌繱騘驄鍯鏓"
"cuc","謥憁愡"
"cux","棷"
"cya","脞"
"cyey","脆毳脃膬竁韢帨"
"cyen","拴铨痊诠荃筌悛辁峑恮駩鐉佺硂絟輇詮銓縓謜譔"
"cyel","縓諯"
"cyet","膬敠絟"
"cyih","翠濢臎"
"cyin","竣皴逡竴踆壿夋墫捘"
"cyit","黢焌"
"cyix","趡踓"
"ciuk","蹴鼀殧"
"ciuc","趥"
"cyo","趋鲰趍趨鯫"
"cyoh","趣娶"
"cyok","促趗誎"
"cyoq","从枞摐瑽樅暰鏦從鬆"
"cyox","取"
"zi","资姿咨赍谘粢蒫齎資諮澬齍"
"zia","嗟瘥蒫罝怚袓謯"
"ziah","借唶"
"ziax","姐飷抯"
"ziak","雀爵爝燋"
"ziaq","将浆將摪螀漿鳉螿鱂"
"ziac","将酱將醬"
"ziag","奖桨蒋蔣槳獎"
"zie","訾赀呲髭觜鴜嫢鮆媊惢姕鄑貲鈭頾頿厜纗"
"ziey","际祭際穄穧鰶"
"ziek","积迹脊嵴積庴踖鹡蹐鶺跡襀蹟鯽鰿"
"ziem","尖歼锓熸瀸殲虃鑯鋟"
"zien","煎湔葏鬋"
"zieq","精晶睛腈菁旌箐旍聙鼱鶄"
"zieg","井肼"
"ziel","箭溅湔鬋籛葥榗濺"
"zier","剪翦戬谫揃帴戩鬋籛譾俴媊"
"ziep","接睫楫婕唼檝菨椄鯜"
"ziet","尐蠽"
"zieu","焦椒蕉礁醮鹪僬噍茮膲燋蟭鐎鷦"
"ziew","醮僬爝趡潐趭皭釂癄"
"ziev","剿漅勦劋"
"ziex","紫訾茈跐訿呰啙"
"zih","恣"
"zik","即稷鲫唧堲卽揤楖蝍畟鯽"
"zim","兓埐祲綅梫"
"zib","浸祲濅"
"zif","寖"
"zin","津琎璡浕濜瑧"
"zic","甑"
"zil","进晋缙琎璡枃晉進搢瑨縉"
"zir","儘"
"zio","沮苴"
"zioh","怚"
"ziox","咀苴"
"zip","湒潗蓻咠"
"zii","滋兹孜孳鹚嵫鶿鷀孖茲嗞镃稵鼒鎡鰦"
"zij","子仔籽梓耔杍秄虸"
"zit","堲楖蝍"
"ziu","揪遒啾湫蝤鬏揂揫逎鮂"
"ziw","僦媨"
"ziv","酒"
"zix","姊秭"
"zjap","谵譫"
"zji","脂祗栺鴲汦疻"
"zja","遮諸"
"zjah","蔗柘鹧嗻樜蟅鷓"
"zjax","者赭"
"zjak","灼酌焯斫妁禚彴犳謶"
"zjaq","章彰漳樟璋蟑獐鄣嫜蔁慞暲麞墇"
"zjac","障嶂瘴幛墇瞕"
"zjag","掌仉"
"zje","支氏枝肢栀卮觯眵巵汥胑衼衹梔禔馶榰鳷疻觶"
"zjeh","觯忮伿寘觶"
"zjey","制迣晢淛狾製"
"zjek","这只炙摭跖這隻墌蹠"
"zjem","占瞻詹厃噡"
"zjeb","占"
"zjef","飐颭"
"zjen","毡旃栴氈鹯旜饘鸇"
"zjeq","正征怔钲鲭鯖佂眐鉦鴊"
"zjec","正证政症証鴊"
"zjeg","整"
"zjel","战颤顫戰"
"zjer","燀樿饘醆嫸橏皽"
"zjep","慑嗫摺囁慴懾霅詟謺讋襵慹"
"zjet","折浙晢晣"
"zjeu","招昭钊皽盄釗鉊鸼鵃"
"zjew","照诏炤詔曌"
"zjev","沼菬"
"zjex","只纸咫砥坻枳轵恀坁扺帋汦抧紙軹"
"zjih","至挚贽鸷鴲摯懥贄礩鷙"
"zjik","职织戠織樴職蟙軄"
"zjim","针斟箴瑊針葴鍼鱵"
"zjif","枕"
"zjin","真甄稹畛磌帪眞桭蒖禛薽籈侲"
"zjiq","蒸脀烝篜"
"zjic","证烝證"
"zjig","拯氶抍撜"
"zjil","振震赈袗挋侲賑"
"zjir","诊缜疹轸稹胗畛敐槙槇眕袗紾軫診裖駗縝鬒黰"
"zjo","诸槠諸藷櫧蠩"
"zjoh","翥"
"zjox","煮渚陼煑"
"zjip","执汁執瓡慹"
"zjii","之芝臸"
"zjiy","志痣娡誌"
"zjij","止址芷趾厎阯沚洔茝畤"
"zjit","质郅桎蛭骘晊铚锧銍質劕懫櫍騭礩鑕"
"zju","周州洲舟郮週婤喌赒輖賙"
"zjuh","咒椆呪"
"zjux","帚晭箒鯞"
"zjix","指旨酯厎茋恉"
"zveh","惴"
"zvey","赘贅"
"zven","专砖颛抟摶篿鷒叀專剸鄟嫥瑼甎膞磚諯顓鱄"
"zvel","剸"
"zver","剬剸膞鱄孨竱"
"zvet","拙炪蝃梲"
"zvex","捶棰箠沝"
"zvi","锥隹骓萑錐騅鵻"
"zvin","谆肫訰諄"
"zvil","圳盹訰稕"
"zvir","准埻準"
"zjuk","祝粥琡喌柷"
"zjuq","终螽潀潨泈柊終蔠鴤鼨"
"zjuc","众眾衆"
"zvo","朱珠侏咮硃秼絑鴸鮢"
"zvoh","注铸蛀澍炷疰罜祩註馵霔鑄"
"zvok","烛瞩嘱韣鸀噣燭蠋蠾囑矚"
"zvoq","钟忪锺鈆橦伀彸妐炂衳鍾蹱鐘籦"
"zvoc","种種偅"
"zvog","种肿踵喠幒歱腫種"
"zvox","主炷麈枓宔"
"caa","叉杈馇艖鎈餷靫"
"caah","岔汊衩"
"caam","搀攙"
"caab","忏儳嚵摲懺"
"caaf","醶"
"caaq","琤鎗"
"caal","羼鏟"
"caat","刹剎"
"caau","抄钞訬鈔"
"caaw","绉耖罺仯觘縐"
"caav","炒吵诌煼仯謅"
"cae","差钗芆靫釵"
"caeh","瘥訍"
"caei","差"
"caek","册策冊拺笧憡筴矠嫧皟"
"caeq","铮噌琤棦凈錚"
"caer","铲羼刬丳剷鏟剗"
"caep","插锸扱臿鍤疀喢"
"caet","察嚓镲檫詧鑔"
"caok","龊娕娖擉齪齱"
"caoq","窗窓牎摐牕窻囪鏦堫"
"ceek","簎"
"cee","差嵯縒齹"
"ceaq","创疮戗瘡戧"
"ceac","创怆刱剏創愴"
"ceag","闯傸磢闖漺"
"ceim","参參嵾骎駸梫槮"
"ceib","谶讖"
"ceif","碜醦墋磣"
"ceik","测恻測惻畟"
"ceil","衬榇龀齔儭嚫櫬襯瀙"
"ceir","龀齓齔"
"ceo","初"
"ceoh","儊"
"ceox","础楚憷濋礎齭齼"
"ceii","飔颸"
"ceiy","厕廁"
"ceij","欼"
"ceiu","诌搊醔篘謅"
"ceiw","遚簉"
"ceiv","瞅"
"cray","嘬"
"coal","篡"
"cue","夊"
"cyiy","毳竁"
"cuex","揣"
"cyi","推蓷"
"ceuk","珿"
"cyu","刍芻犓"
"cyuh","菆"
"zo","租蒩"
"zoh","做"
"zoi","脧嗺"
"zoy","夎綷晬祽捘"
"zoj","洅嶊"
"zok","傶錊"
"zon","尊樽嶟罇繜"
"zoq","宗腙倧"
"zoc","综綜錝"
"zol","焌捘"
"zor","撙僔噂譐"
"zot","卒倅稡"
"zox","组祖蒩珇組靻"
"zaa","查渣楂碴喳齄浾抯柤溠樝皻齇"
"zaah","榨诈咋笮溠詐醡"
"zaak","窄啧蚱笮舴迮嘖諎"
"zaab","覱"
"zaar","拃"
"zaau","抓罺摷"
"zaaw","笊癄"
"zaav","找爪笊瑵"
"zaax","痄厏鲊鮓謯"
"zaeh","债債"
"zaei","斋齋"
"zaey","瘵"
"zaek","责啧箦帻責嘖幘嫧簀謮債"
"zaeb","蘸"
"zaef","斩崭斬嶄"
"zaeq","争挣筝狰綪爭埩掙猙箏"
"zaec","诤掙諍"
"zaer","盏琖盞醆"
"zaep","眨偛"
"zaet","扎札紮蚻"
"zaok","捉穛穱斮篧"
"zee","龇齜"
"zeex","跐"
"zeak","斮"
"zeaq","装庄妆妝莊粧裝"
"zeac","壮壯"
"zeim","旡兂撍"
"zeib","谮譖"
"zeif","怎"
"zeip","戢蕺濈霵"
"zeik","侧仄昃側萴稄夨"
"zein","臻榛溱蓁瀙搸潧樼轃"
"zeo","菹"
"zeoh","诅詛"
"zeox","阻俎"
"zeii","淄鲻甾锱辎缁菑葘椔湽緇輜輺錙鍿鯔鶅"
"zeiy","椔鶅剚倳胾"
"zeij","滓笫胏"
"zeit","栉楖擳瀄櫛"
"zeiu","邹驺陬鄹齱騶郰菆棷鄒箃緅黀"
"zeiw","皱绉甃皺縐"
"zeiv","搊掫"
"zoa","髽"
"zoan","跧"
"zyan","恮跧蟤"
"zyal","孨"
"zyat","茁"
"zeuk","縬"
"zyu","搊"
"cjoj","茝"
"cji","鸱鴟鵄胵"
"cja","车砗車硨"
"cjax","扯哆撦奲"
"cjak","绰繛婥綽磭"
"cjaq","昌猖娼菖鲳阊琩锠裮閶錩鯧"
"cjac","唱倡廠"
"cjag","厂敞氅惝僘廠"
"cje","眵"
"cjeh","卶"
"cjey","掣瘛痸銐懘"
"cjek","赤尺斥哧呎蚇烾滷"
"cjem","妗裧幨襜緂"
"cjeb","裧幨襜韂"
"cjen","燀"
"cjel","硟"
"cjer","阐啴幝燀繟闡灛嘽"
"cjep","喢謵詀"
"cjet","瘛"
"cjeu","怊弨"
"cjev","弨眧麨楢"
"cjex","侈哆垑袳袲鉹懘姼恀誃"
"cjih","痓"
"cjik","瀷"
"cjif","渖瀋"
"cjin","嗔瞋謓"
"cjiq","称爯偁稱"
"cjic","称秤稱"
"cjoh","处處"
"cjox","处杵處"
"cjip","卙"
"cjii","嗤蚩媸妛"
"cjiy","帜炽哆埴熾饎糦幟"
"cjij","齿纰齒紕"
"cjit","叱"
"cju","犨犫"
"cjuh","臭殠"
"cjux","丑醜魗"
"cve","吹炊龡"
"cven","川穿氚灥"
"cvel","串钏釧竁諯"
"cver","喘舛荈"
"cvet","啜歠"
"cvi","蓷"
"cvin","春蝽"
"cvir","蠢僢偆惷踳"
"cvit","出齣"
"cjuk","俶埱琡柷"
"cjuq","充茺珫"
"cjuc","铳銃"
"cvo","枢姝樞袾"
"cvok","触觕歜臅觸"
"cvoq","冲憧艟衝罿褈"
"cvog","喠"
"zu","陬掫棷緅"
"zuah","挫夎侳"
"zuay","最"
"zuan","劗鑚鑽"
"zual","钻鑚鑽"
"zuar","纂缵儹鄼酇繤纉籫纘"
"zuat","攥拶繓"
"zuax","硰"
"zuh","奏揍"
"zuk","镞鎐鏃"
"zuq","棕鬃堫葼嵕猣椶嵸稯蝬艐翪豵鬉騣鬷鯼緵"
"zuc","粽偬鯼傯糉緵"
"zug","总偬苁蓯熜緫猣嵸翪鬷揔傯摠總"
"zux","走"
"ziiu","稵"
"zya","侳"
"zye","臇"
"zyey","蕝"
"zyen","镌剶脧鋑鐫朘"
"zyer","臇"
"zyet","尐蕝"
"zyex","嘴觜"
"zyi","嶉檇"
"zyih","醉檇"
"zyin","遵跧僎嶟鷷"
"zyil","俊骏睃馂晙焌畯儁餕寯駿"
"zyit","卒啐"
"zyix","濢臎嗺噿"
"ziuk","蹙槭踧噈縬顣殧摵"
"zyo","诹陬娵掫諏嗺"
"zyoh","緅"
"zyok","足哫"
"zyoq","纵踪枞樅熧磫豵蹤縱"
"zyoc","纵瘲縱"
"dha","驼陀沱鸵驮坨佗砣跎沲酡鼍迱袉紽詑馱駞駝鴕鮀鼧驒鼉"
"dhah","馱駄"
"dhay","大汏轪軑釱忕"
"dhak","度铎踱仛剫喥凙鐸襗"
"dham","谈痰郯澹锬餤倓惔談錟"
"dhab","淡氮啖啗腅憺倓惔"
"dhaf","凼澹啖啗噉憺氹惔"
"dhan","弹坛檀掸瘅儃繟聅癉撣彈壇貚鷤驒唌驙"
"dhaq","堂唐糖塘膛棠搪砀螳溏饧樘醣螗瑭碭闛坣啺傏蓎隚榶煻磄橖踼篖赯餳糛鎕餹鶶"
"dhac","宕砀菪逿碭嵣踼"
"dhag","荡愓婸蕩璗盪簜嵣潒崵"
"dhal","弹惮掸澶撣僤憚彈"
"dhar","但蛋诞袒膻繵疍蜑觛誕僤潬襢"
"dhap","蹋谵阘闒躢譫"
"dhat","达垯墶荙達薘鐽"
"dhau","陶逃淘桃涛掏萄焘啕鼗翢翿錭濤燾匋咷梼绹裪鞀蜪綯鞉駣騊檮"
"dhaw","导盗蹈悼俦纛帱儔幬導盜翿"
"dhav","道稻衟駣"
"dhax","舵柁沲陊拕袉詑"
"dhei","提题蹄啼锑荑醍绨鹈缇鼶銻厗罤崹稊媞瑅嗁綈褆蕛蝭緹趧鴺蹏鳀謕題鮷鵜騠鶗鯷鶙鷤桋銕鮧禔"
"dhey","第递缔棣悌睇轪軑髢杕釱遞禘摕遰慸締踶鳀鶗鯷鷤鬀墆"
"dhej","弟娣媞"
"dhek","敌笛迪涤翟荻狄莜籴觌踧苖梑滌蔋頔敵篴糴覿滷籊蓧樀"
"dhem","甜恬菾湉"
"dheb","磹"
"dhef","簟扂驔橝"
"dhen","田填钿阗畋鈿貚沺搷塡磌窴闐鷏畇"
"dheq","停庭亭廷婷霆蜓葶莛渟綎筳楟聤鼮娗dengh"
"dheg","挺艇铤梃莛鋌涏娗誔"
"dhel","电殿奠甸淀佃靛钿阗畋電鈿澱壂窴闐涏"
"dher","殄跈"
"droi","台抬苔薹跆骀炱菭臺颱駘儓擡嬯檯籉"
"droy","代袋逮岱黛甙埭玳帒瑇叇黱靆酨"
"droj","待怠殆诒绐迨骀紿軩駘詒"
"drok","特鴏貣螣棏樴"
"drom","谭潭覃昙荨镡蕁橝曇藫罈壜譚鐔燂蟫"
"drob","贉瞫醰"
"drof","萏窞髧嘾禫贉倓醰黮"
"droq","腾藤滕誊幐螣縢謄儯騰籐鰧"
"droc","邓蹬僜鄧幐"
"drop","沓龖眔蹹涾遝誻譶"
"dhep","蝶叠碟谍牒褶喋堞鲽渫揲蹀墊惵牃褋艓諜褺曡鰈疊氎慴"
"dhet","跌迭耋瓞垤摕苵胅恎绖眣戜镻趃詄絰嵽荎驖咥泆昳軼墆"
"dheu","条调跳迢苕笤佻髫龆蜩鲦調芀岧條樤鋚齠鰷嬥鮡"
"dhew","调掉莜铫藋調嬥銚"
"dhev","挑窕誂嬥"
"dhih","地墬"
"dho","图途涂徒屠荼菟酴啚捈峹梌蒤筡嵞瘏塗圖廜駼鵌鷵"
"dhoh","度渡镀鍍斁"
"dhoi","颓墤隤尵頹頽魋蘈蹪穨"
"dhoy","队镦憝錞隊薱濧譈鐓憞"
"dhoj","錞陮瀢"
"dhok","毒纛碡瑇蝳"
"dhon","屯沌豚臀饨窀邨燉芚庉忳軘豘飩鲀魨坉啍"
"dhoq","疼彤佟痋爞鼕炵浵赨鉖鉵"
"dhol","钝炖遁砘鈍遯鶨"
"dhor","盾囤沌遯庉坉"
"dhot","突凸堗葖鼵揬鈯腯鍎鶟"
"dhox","杜肚荰靯"
"dda","茶搽秅梌"
"ddak","宅泽择翟檡擇澤襗蠌鸅"
"ddaq","盯澄枨挰掁棖憕"
"ddac","锃鋥"
"ddag","玚瑒"
"ddap","鞢擖霅"
"ddaw","棹櫂"
"ddeb","赚譧詀賺"
"ddef","湛偡"
"ddeq","橙浈揨朾憕虰湞"
"ddel","绽綻"
"ddex","豸廌"
"ddok","浊镯濯擢鸐鸀嬥濁鵫蠗鐲"
"ddoq","噇橦"
"ddoc","撞幢艟"
"dre","池驰踟篪馳趍誃簃傂"
"drey","滞彘銐蹛璏滯"
"drem","誗"
"dren","缠廛躔緾鄽瀍纏"
"drel","纏邅"
"drer","邅"
"drep","殜"
"dret","辙澈轍"
"dreu","朝潮晁鼌鼂"
"drew","召"
"drev","赵兆肇駣垗狣肁旐趙肈鮡"
"drex","豸踶陊徥褆杝阤傂廌"
"drak","着著"
"draq","长场肠苌長瓺萇場腸"
"drac","仗瓺"
"drag","丈杖"
"drek","掷踯蹢躑潪擿擲"
"dreq","程呈埕酲裎珵"
"drec","郑鄭"
"dreg","徎塣"
"dhe","迟坻墀岻蚳貾遟遲謘彽阺荎菭泜"
"dheh","致稚遟謘稺緻"
"drim","沈沉莐鈂霃"
"drib","鸩鴆"
"drif","朕螣鰧顩栚"
"drin","陈尘陳塵敶"
"dril","阵陣敶"
"drir","纼紖眹"
"drip","蛰譶俋蟄"
"drit","秩侄帙妷姪柣袠翐紩豑"
"dhex","雉滍薙"
"drik","直值犆"
"driq","惩澄瞪澂憕懲"
"dro","除储滁躇蒢篨櫥儲藸"
"droh","箸筯"
"drox","苎伫杼芧佇纻苧眝竚羜紵"
"drii","持"
"driy","治植"
"drij","峙痔秲洔庤歭畤跱"
"driu","筹绸稠畴踌俦帱紬菗椆裯綢儔薵幬懤燽疇籌躊梼檮鯈怞鲉鮋棸"
"driw","宙胄籀酎懤疛伷冑駎"
"driv","纣荮鲖鮦紂葤棸"
"dlei","尵"
"dwe","錘鬌甀"
"dweh","缒腄錘甀硾膇縋"
"dvan","传椽傳"
"dval","传傳"
"dvar","篆沌抟摶堟瑑"
"dwi","锤椎槌桘顀鎚"
"dwih","坠怼鎚懟墜"
"dwit","朮炢"
"druk","逐轴妯碡舳篴軸蓫鱁"
"druq","种虫沖翀蟲爞"
"druc","仲"
"dvu","厨橱蹰裯趎廚幮櫥躕"
"dvuh","住牏"
"dvuk","躅蠋蠾"
"dvuq","重褈蝩緟穜"
"dvuc","緟"
"dvug","重襱鲖鮦"
"dvux","柱跓嵀"
"dhu","头投揄骰窬亠緰頭坄牏歈"
"dwa","堶碢"
"dlen","窀"
"dwah","惰媠嫷"
"dway","兑兊兌綐"
"dwan","团抟摶團漙慱篿糰鷒剸鄟"
"dwal","段椴毈"
"dwar","断缎簖緞斷籪"
"dwat","夺敓敚痥奪鮵挩莌"
"dwax","堕垛鬌憜墮嶞嫷"
"dhuh","豆逗窦痘窬郖荳饾浢梪毭酘脰餖竇讀"
"dhuk","读独渎犊牍椟碡黩髑獨匵瀆嬻瓄櫝殰犢牘皾豄贕讀韣韇黷讟襡鸀儥罜"
"dhuq","同童铜筒桐潼酮砼瞳仝硐僮茼罿蕫挏哃烔眮衕絧銅鲖橦曈犝穜鮦筩"
"dhuc","洞侗恸峒恫胴迵戙駧眮衕絧詷慟"
"dhug","动硐挏姛動眮詷"
"dhux","揄襡"
"ei","黟嫛鹥繄黳鷖"
"ey","翳殪繄枍殹嫕瞖曀縊豷蘙"
"eb","酓"
"en","烟燕咽湮胭阏菸橪煙驠閼"
"eg","瀴巊"
"el","燕宴咽溎酀嚥嬿鷰醼讌驠"
"er","蝘躽嬿"
"eoi","哀唉埃锿欸鎄"
"eoy","爱暧嫒嗳瑷愛叆僾薆噯嬡璦曖靉"
"eoj","欸毐"
"eok","餩殕"
"eom","谙庵鹌喑媕腤盦諳馣鵪韽嬜菴"
"eob","暗闇"
"eof","俺埯揞垵唵隌晻罯黤黭"
"eon","恩嗯蒽煾"
"eol","摁"
"eop","罨媕罯姶鞥佮搕唈"
"et","咽噎蠮"
"eu","吆幺蛲蟯葽宎怮犳"
"ew","窔"
"ev","杳窈葽苭窅偠婹鴢騕"
"fa","何河荷苛菏嗬蚵鲄魺"
"faa","霞虾遐瑕蝦鰕碬蕸赮鍜騢"
"faah","下夏暇芐"
"faak","楁垎"
"faam","衔啣銜甉"
"faaf","舰槛撖艦轞檻壏"
"faaq","行衡珩桁蘅筕胻洐"
"faac","行绗絎胻"
"faag","杏荇莕"
"faal","骭娨"
"faar","橌憪僩"
"faap","匣狎柙炠翈笚舺霅"
"faat","辖砎舝縖轄鎋鶷"
"faau","肴淆爻崤笅筊猇洨倄殽餚"
"faaw","校效効俲傚詨斅"
"faav","泶澩"
"faax","下夏厦廈丅"
"fae","鮭嚡榽慀膎鞵"
"faeh","邂"
"faei","鞋谐骸偕湝蝔瑎諧龤"
"faey","械瀣薤衸韰齘"
"faej","骇侅絯駭駴"
"faek","核翮滆覈蒚"
"faem","咸函椷鳒鹹稴鰜輱醎諴"
"faeb","陷臽錎餡"
"faef","馅甉餡豏"
"faen","闲痫娴鹇瞯閑蛝憪嫻嫺癇藖鷴鷳"
"faeq","茎莖牼"
"faeg","幸悻倖"
"fael","苋藖莧粯"
"faer","限硍"
"faep","峡狭洽硖陜珨峽狹烚祫陿硤"
"faet","黠"
"faex","解蟹獬嶰澥"
"fah","贺賀袔"
"fay","害夆妎"
"fak","鹤涸貉狢貈佫鶴"
"fam","酣魽甝炶煔"
"fab","譀"
"fan","寒韩邯邗虷韓鶾"
"faq","行航杭吭肮桁沆颃苀迒蚢筕頏魧胻邟"
"fac","行笐"
"fag","沆骯蚢"
"fal","汗焊翰瀚捍悍豻忓扞闬垾閈釬馯銲螒駻雗"
"far","旱皔"
"faok","学泶翯峃嶨學澩觷鷽"
"faoq","降洚缻夅栙跭"
"faoc","巷閧鬨衖"
"faog","项項缿"
"fap","阖盍熆篕闔"
"fat","褐曷骱毼餲鞨鹖鶡"
"fau","号豪毫壕嚎濠蚝嗥獆噑獋蠔號"
"faw","号號"
"fav","浩皓昊镐灏颢夰鎬昦晧鄗滈暤暭薃顥鰝灝"
"fax","荷"
"fei","蹊兮奚嵇鼷胿傒徯榽螇豯貕郋蒵騱"
"fey","系瘛禊繫妎蒵盻係慀稧"
"fej","徯謑匸涀"
"fek","檄觋鸄獥椺覡薂"
"fem","嫌稴"
"fef","鼸"
"fen","贤弦舷痃臤伭胘蚿婱絃賢礥"
"feq","型形刑邢陉硎陘侀钘娙铏鈃鉶鋞桯"
"fec","胫脛踁"
"feg","胫脛鋞涬婞緈"
"fel","见现見涀現"
"fer","蚬岘嫢詪顈蜆俔垷哯峴晛睍鋧臔"
"feoi","孩颏豥頦"
"feoy","瀣戤"
"feoj","亥氦侅"
"feok","劾"
"feom","含涵颔晗焓肣圅梒筨蜬鋡頷顄"
"feob","憾唅浛琀莟蜭"
"feof","撼颔菡肣莟淊蜭頷顄頜欿"
"feon","痕哏拫鞎"
"feoq","恒恆峘"
"feol","恨"
"feor","很狠佷"
"feop","合盒耠搿詥榙郃"
"feot","纥淈紇龁齕麧"
"fep","协侠挟勰劦俠協挾綊"
"fet","页撷颉缬纥籺紇龁齕覈絜奊翓擷襭纈頁"
"fev","皛"
"feem","炎"
"feen","焉漹"
"feep","烨晔馌曄曅燁瞱皣饁爗"
"feeu","鸮鴞"
"fein","礥"
"feip","騽"
"fij","矣"
"fiu","邮尤鱿疣尢腄沋肬郵訧魷"
"fiw","又佑囿宥侑祐姷酭"
"fiv","有友右铕銪栯"
"fo","湖胡乎糊狐壶蝴葫弧瑚醐猢煳鹕瓠虖瓳壷壺箶衚魱餬鬍鶘"
"foh","护互冱瓠枑婟嫭擭濩護鳠韄頀鱯"
"foi","回徊茴蛔洄佪迴蛕烠蚘"
"foy","溃缋螝膭阓詯殨繢闠潰嬇蚚僓"
"foj","汇溾輠匯瘣廆倄"
"fok","鹄翯頶鵠隺礐"
"fon","魂浑珲馄楎煇忶堚渾琿餛鼲俒顐沄餫"
"foq","洚"
"fol","溷圂俒慁"
"for","混棍緷睔睴鯶煇倱掍焜"
"fot","鹘扢抇尳鶻搰"
"fox","户沪扈祜怙戽酤岵戸戶帍昈婟鄠滬熩簄楛洿芐"
"fu","猴喉侯篌糇骺瘊矦葔帿睺銗翭鍭餱鯸鄇翵"
"fua","和禾咊盉鉌龢"
"foa","华划骅铧華嘩鋘鏵驊鷨崋譁釫"
"foah","华桦鳠鱯華崋摦樺檴"
"foay","话話"
"foak","嚄"
"foan","还环寰郇圜鬟锾還阛澴環鍰镮糫轘闤鐶"
"foaq","横黉橫彋黌喤瑝锽鍠韹鐄"
"foac","横橫"
"foag","卝澋"
"foal","患宦豢缳擐繯轘槵"
"foar","莞皖鲩睅睆鯇"
"foat","姡咶頢"
"foax","踝輠觟黊蘳"
"foe","鼃"
"foeh","画诖絓詿畫澅黊繣孈纗"
"foei","怀槐淮褢褱瀤懷櫰蘹"
"foey","坏壞蘾"
"foek","获画划鳠鱯婳畫劃嫿咟獲彟彠"
"foen","湲"
"foeq","宏闳吰纮宖竑耾翃浤紘紭閎鈜彋嵤"
"foel","幻"
"foet","滑猾鹘磆螖"
"foex","伙夥"
"fuah","和盉俰"
"fuay","会绘烩禬會燴繪"
"fuak","获镬擭濩檴穫鑊"
"fuan","完丸桓烷垸洹纨萑芄雚荁峘狟萈雈寏絙貆綄豲瓛梡汍紈捖"
"fuaq","黄皇煌凰潢惶簧璜湟蝗磺隍徨遑篁鳇蟥癀撗偟堭黃葟崲媓獚艎餭趪韹騜鰉鱑"
"fuac","扩攩擴暀"
"fuag","晃幌攩櫎滉榥皝"
"fual","换垸逭漶肒換"
"fuar","缓浣澣綄緩嵈鰀梡晥"
"fuat","活姡佸秳鬠"
"fuax","祸輠禍"
"fuei","携畦眭窐巂黊雟酅蠵觿鑴驨攜讗纗"
"fuey","惠慧蕙蟪潓憓橞譓儶鏸繐"
"fuen","悬玄盷伭胘妶玹懸玆"
"fueq","荧荥萤褮滎熒螢"
"fueg","迥冋泂"
"fuel","县炫眩縣玹袨眴衒贙姰迿"
"fuer","铉泫缳繯鞙埍妶琄鉉贙"
"fuet","穴袕坹"
"fuh","后候逅鲎堠訽鍭鄇鲘鮜鱟"
"fuk","斛槲觳焀蔛螜縠礐"
"fuq","红洪虹鸿讧洚荭仜垬紅葓葒渱谼鉷魟鴻訌"
"fuc","哄蕻閧鬨"
"fug","汞澒"
"fuok","或惑蜮魊"
"fuoq","弘苰鞃"
"fux","后厚後郈垕"
"fyiq","荣莹嵘蝾揘榮嶸蠑嫈褮瑩禜"
"fyic","泳咏詠禜醟"
"fyig","永栐"
"fue","为沩為爲溈鄬潙"
"fueh","为為爲"
"fyiy","卫軎槥熭衛璏衞轊讆讏"
"fyan","员圆贠員湲圓貟"
"fyal","院援瑗褑"
"fuex","蘤鄬寪蔿薳儰"
"fyak","籰"
"fyaq","王彺蚟"
"fyac","王旺暀迋"
"fyag","往暀"
"fyoi","围违韦囗涠帏闱婓婔韋幃圍湋違潿闈鍏"
"fyoy","汇胃谓纬渭猬彚彙緯媦煟蝟緭謂"
"fyoj","伟苇炜玮韪媁鍏偉葦愇瑋椲暐煒韙韡"
"fui","帷"
"fuy","位"
"fuin","筠囩縜荺"
"fuir","陨殒涢愪荺隕溳殞磒霣"
"fuit","汩蒁"
"fuj","洧鲔鮪痏"
"fiuk","哊"
"fiun","云员耘芸纭郧沄妘耺涢紜雲鄖愪蕓澐橒篔溳"
"fiuq","熊雄"
"fiul","运晕韵郓緷忶鹍鶤贠員暈鄆運餫韗韻"
"fiur","抎"
"fyo","于圩盂竽雩邘玗杅釪骬謣"
"fyoh","雨羽芋"
"fyon","园援袁媛猿垣辕洹爰猨園溒榬蝯轅鶢"
"fyol","远遠"
"fyor","远遠"
"fyot","越粤曰钺樾熭璏泧戉蚏粵鉞"
"fyox","雨宇羽禹頨聥祤鄅萭瑀楀"
"fuik","域蜮淢琙棫罭緎魊"
"fiut","觱抭"
"ggex","箉"
"gja","茄伽"
"grek","剧屐劇"
"greq","擎鲸黥檠鯨葝剠勍樈"
"grec","竞儆檠倞誩曔競"
"gre","奇骑琦弜鵸竒碕锜鬾騎錡"
"greh","骑芰鬾騎輢汥"
"grem","钳钤箝拑鈐鉗鉆羬黚雂鳹鍼"
"gref","俭芡儉"
"gren","乾虔掮犍揵墘榩騝鰬"
"grer","件鑳"
"grep","鴔衱"
"gret","杰桀偈傑楬嵥滐榤櫭搩"
"greu","桥乔侨荞峤鷮蟜轎蹻喬僑蕎嶠橋趫鐈毊"
"grew","轿峤轎嶠"
"grex","技妓伎徛锜錡"
"gjak","噱醵臄蹻"
"gjaq","强彊強勥"
"gjac","犟糨弶"
"gjag","弜滰誩勥"
"gjap","跲昅"
"gje","歧岐芪翄忯祇疧蚑蚔軝跂汥馶"
"gjem","鍼"
"gjen","掮"
"gjeq","葝"
"gjeg","痉痙"
"gjoi","祈圻畿颀虮刏蟣岓蚚旂碕頎玂"
"gjeu","荍嘺"
"gjew","翘翹"
"ghe","祁耆鳍愭鮨鬐鰭"
"gheh","洎垍臮塈鱀"
"grim","琴禽黔擒噙芩檎凜庈黚耹捦雂靲澿鵭"
"grib","噤妗笒紟凚齽鈙"
"grif","噤凚唫"
"grin","堇墐魿"
"gril","仅瑾觐馑廑僅饉墐歏殣覲瘽"
"grip","及笈苙"
"grit","佶鲒姞趌狤鮚"
"ghex","跽"
"ghik","极極"
"ghiq","殑"
"ghic","殑"
"ghig","殑"
"gjo","渠蕖蘧璩醵磲腒豦懅鐻淭璖螶蟝籧"
"gjoh","遽讵醵詎勮澽"
"gjol","健腱踺"
"gjor","键楗寋鍵"
"gjot","揭竭碣楬"
"gjox","巨距拒炬钜苣讵岠歫秬粔詎鉅虡駏鐻"
"gji","期其旗棋琪祺淇麒俟骐綦蕲亓萁蜞畁錤棊碁蜝綨璂踑禥鲯藄騏櫀蘄鯕"
"gjih","忌畁梞惎誋諅鵋鱀帺邔"
"gjin","勤芹蕲慬蘄瘽懄懃"
"gjil","近"
"gjir","近瘽"
"gju","求球仇裘犰逑巯艽俅赇鼽捄頄厹扏叴朹肍訄訅莍釚梂殏毬蛷絿巰賕璆銶脙"
"gjuh","旧柩舊匶"
"gjux","舅咎臼桕倃麔齨"
"gjiu","虬鹨蟉鷚虯觓觩璆"
"gva","瘸"
"gvan","权拳蜷颧鬈婘犈觠踡孉權齤蠸顴狋"
"gval","倦淃韏襈"
"gvar","蔨萒"
"gwex","跪"
"gvak","戄貜"
"gvaq","狂軭軖鵟"
"gvac","诓誆"
"gvag","俇"
"gveq","琼茕璚赹焭惸睘煢憌藑瓊嬛"
"gver","蜎"
"gvi","葵鄈楑"
"gvih","悸猤痵"
"gwi","逵馗夔艽頄骙戣頯鍨騤躨犪"
"gwih","柜馈匮篑蒉櫃鞼匱蕢樻餽簣饋"
"gwir","菌窘僒蔨莙蜠箘"
"gvix","揆嫢湀楑"
"gjuk","鞠踘毱趜鵴驧"
"gjun","群裙宭帬裠羣"
"gjuq","穷窮藭"
"gjul","郡珺"
"gvo","衢瞿朐癯劬蘧氍蠼鸲蚼眗斪翑絇葋軥鴝翵鼩忂灈欋戵臞蠷躣鑺鸜姁"
"gvoh","具惧飓犋埧颶懼臞"
"gvok","局侷焗跼駶"
"gvoq","邛筇蛩輁舼桏蛬"
"gvoc","共"
"gvot","掘撅橛亅橜憠蹷鷢"
"gvox","窭窶貗"
"gjut","崛倔堀"
"gjiv","蟉"
"ha","呵诃抲訶"
"haa","蚜煅岈谺颬煆疨"
"haah","唬煅罅諕謑煆嚇"
"haak","吓赫爀嚇"
"haab","譀"
"haaf","豃"
"haaq","亨哼悙脝"
"haap","呷譀"
"haat","瞎"
"haau","哮嚆嗃灱虓庨猇窙嘐藃穘髇涍顤"
"haaw","孝嗃涍詨"
"haax","閜襾"
"haeh","謑"
"haey","欸譮噧齂"
"haem","妗"
"haef","欦"
"haen","羴"
"haep","欱敮"
"haet","傄"
"hay","餀"
"hak","郝壑鄗鰝蠚嗃熇矐謞"
"ham","憨蚶歛嬜"
"hab","蘫"
"haf","喊壏嚂"
"han","鼾顸頇"
"haq","夯忼"
"hag","酐汻"
"hal","汉漢暵熯"
"har","罕蔊暵熯"
"haok","豿滈翯嗀謞瀥"
"haoq","舡谾啌"
"haog","傋"
"hat","喝猲暍"
"hau","蒿薅薧茠"
"haw","好耗秏藃"
"hav","好"
"hei","醯忚橀"
"hey","殢"
"hej","徯謑匸涀"
"hek","阋赥鬩"
"hem","妗欦馦"
"hen","祆訮"
"heq","馨蛵"
"hel","韅"
"her","显蚬蜆韅顯抮"
"heoi","嗨咍"
"heoy","儗"
"heoj","海醢橀"
"heok","黑嘿潶"
"heom","谽馠唅"
"heop","哈欱"
"hep","弽偞"
"het","褉"
"heu","哓憢嘵膮"
"hew","娆嬈娎"
"hev","晓膮曉皢"
"hi","咦"
"heek","虩"
"hee","牺曦羲桸焁隵巇犧羛"
"heeh","戏戲嚱"
"heef","险猃憸譣崄險嶮獫玁"
"heet","娎焎"
"heeu","嚣枵呺歊獢藃嚻囂毊虈"
"hiak","谑謔"
"hiam","蔹蘞忺杴"
"hiab","姭"
"hiaq","香乡芗皀鄉薌膷"
"hiac","向蠁珦萫曏"
"hiag","响享晌飨亯蠁饗響曏嚮"
"hiap","胁拹脅嗋愶熁"
"hie","詑焁"
"hien","仚屳嘕"
"hioi","希稀烯浠欷俙莃悕桸晞睎豨鵗"
"hioy","欷饩摡塈鎎忥犔熂黖餼霼"
"hioj","唏俙狶豨霼"
"heh","呬屃屓齂"
"heim","鑫歆廞嬜"
"heif","廞"
"heil","衅舋釁"
"heir","脪"
"heip","吸歙翕翖噏嬆熻潝闟"
"heit","肸"
"hik","赩衋"
"hiq","兴興"
"hic","兴嬹興臖"
"hir","脪"
"hio","虚嘘虛歔噓魖驉"
"hioh","噓"
"hion","掀轩锨鍁鶱軒蓒"
"hiol","献宪憲瀗獻"
"hior","攇幰"
"hiot","歇蝎蠍猲"
"hiox","许許鄦"
"hii","熙禧嬉嘻熹僖诶娭誒瞦譆歖媐"
"hiy","憙"
"hiin","欣忻昕邤訢炘"
"hiil","庍炘脪焮"
"hiit","迄仡汔莔肸釳忔"
"hij","喜憙蟢囍"
"hit","咭欪恄欯"
"hiu","休庥咻髹鸺貅脙髤鵂"
"hiw","嗅溴嘼珛齅"
"hiv","朽殠"
"ho","呼滹虍烀轷苸恗虖軤雐嘑歑幠膴謼"
"hoh","戽謼"
"hoi","灰虺鼽豗鼿"
"hoy","诲晦秏颒詯誨靧痗頮"
"hoj","悔贿蛕賄燘"
"hok","熇嚛臛歊"
"hon","婚昏阍惛棔殙閽"
"hol","惛"
"hor","惛"
"hot","忽惚囫笏唿锪啒昒曶匫寣鍃"
"hox","虎浒琥戽萀滸"
"hu","齁"
"hoa","花哗嘩鷨譁"
"hoah","化魤杹諣"
"hoay","咶"
"hoak","砉諕漷湱謋"
"hoaq","嚝喤諻謍"
"hoe","歪竵"
"hoeh","諣"
"hoei","虺"
"hoey","咶躗躛"
"hoek","焃繣剨捇掝湱礊"
"hoeq","轰訇揈渹輷鍧轟"
"hoec","輷"
"hoet","傄"
"huah","货貨"
"huay","哕翙噦翽鐬濊"
"huak","霍嚯藿劐攉瀖矐癨靃彉彍霩"
"huan","欢鹳獾犿鸛鴅酄懽歡貛讙驩貆"
"huaq","荒肓巟衁"
"huag","慌詤謊爌"
"hual","唤焕涣奂嚾奐喚渙煥喛"
"huat","豁眓奯濊泧"
"huax","火钬灬邩鈥"
"huei","睳"
"huey","嘒暳嚖"
"huek","砉狊殈瞁"
"huen","梋鋗駽矎"
"hueg","诇詗"
"huel","绚夐敻駽讂眴絢"
"huet","血泬疦瞲坹"
"huh","佝蔻訽豞怐"
"huk","豰熇鍙嚛嗀"
"huq","烘叿焢谾魟"
"huc","戆戇"
"hug","唝嗊"
"huoq","薨"
"hux","吼蚼吽呴"
"hiiu","烋飍"
"hya","靴鞾"
"hyiq","兄"
"hue","麾咴噅撝"
"hyat","吷烕"
"huex","毁毀毇檓燬譭烜"
"hyay","喙餯顪"
"hyak","矆戄彏"
"hyac","况贶況貺"
"hyag","谎怳詤謊"
"hye","睢眭隳蘳隓觿鑴"
"hyeh","孈"
"hyek","瞁"
"hyen","儇頨嬛蠉翾譞弲"
"hyec","诇詗敻矎醟"
"hyer","蠉"
"hyoi","辉挥徽晖袆揮翚楎暉煇幑輝翬瀈鰴褘"
"hyoy","卉讳泋芔諱"
"hyoj","虺"
"hyi","睢眭婎倠"
"hyih","睢婎侐"
"huy","燹豷"
"hyit","獝怴"
"hiuk","蓄畜鄐荲慉稸蓫"
"hiun","勋熏荤薰醺曛獯葷焄勛勲勳臐燻纁"
"hiul","训鐼臐爋訓"
"hyo","盱雩荂虖旴姁欨訏扜"
"hyoh","煦酗姁呴昫"
"hyok","旭顼勖頊勗"
"hyon","喧萱暄煊埙谖讙貆吅愋蝖翧諼諠塤壎喛"
"hyoq","胸凶匈汹銎兇讻洶恟胷訩"
"hyog","讻詾"
"hyol","楦楥韗"
"hyor","谖咺愃諼烜暅"
"hyot","狘泧"
"hyox","栩诩咻姁欨珝冔詡喣祤"
"huik","阈洫侐淢緎閾"
"hiut","欻烼"
"i","伊黟咿蛜"
"eeq","英瑛鉠楧渶媖霙韺鶧"
"eec","映詇賏暎"
"eeg","影璄璟摬"
"ee","椅猗漪犄欹祎禕檹陭"
"eeh","輢陭"
"eey","瘗餲瘞"
"eem","淹腌阉崦醃閹"
"eef","掩奄罨媕晻弇揜渰裺"
"een","焉嫣鄢蔫阏閼"
"eep","裛"
"eet","焆"
"eeu","妖夭枖祅訞"
"eev","芺殀仸"
"eex","椅倚猗旖輢"
"iak","约哟葯喲約"
"iam","醃"
"iab","裺觃覎"
"iaf","埯"
"iaq","央秧殃泱鸯胦鉠鴦霙"
"iac","怏詇"
"iag","怏鞅岟炴紻駚柍詇"
"iap","罨殗鄓餣浥裛"
"ieh","缢螠縊"
"iek","益嗌膉齸"
"iem","恹餍懨猒嬮懕饜"
"ieb","厌餍猒厭嬮饜"
"ief","魇厣酓黡檿厴魘黶擪"
"ieq","婴缨璎撄賏嬰攖蘡瓔纓"
"ieg","瘿廮癭"
"iel","躽"
"ioi","依衣铱衤郼銥譩繶"
"ioy","衣"
"ioj","叆僾庡扆偯靉"
"iep","靥魇魘嬮擪靨"
"ieu","要腰邀蛲蟯葽喓"
"iew","要葽"
"iev","崾闄"
"eh","懿欭亄撎饐鷧"
"eim","音阴喑隌陰瘖霠"
"eib","荫窨喑蔭飲癊"
"eif","饮飲"
"ein","骃駰鼘"
"eip","邑悒唈浥裛"
"eit","乙钇釔鳦亄"
"ik","亿抑忆臆薏癔肊億澺憶檍繶醷"
"im","愔韾"
"in","因姻茵氤铟洇堙垔骃裀陻婣絪歅禋銦鞇駰諲闉"
"iq","应鹰膺鷹應"
"ic","应譍噟應"
"il","印茚鮣"
"io","于淤於唹箊扵"
"ioh","瘀菸饫棜飫醧"
"ion","蔫"
"iol","堰郾傿漹匽褗躽椻"
"ior","偃郾鼹匽褗蝘鶠鰋鼴"
"iot","谒阏暍謁閼黦"
"ip","揖挹"
"ii","医噫毉醫譩"
"iy","意镱鐿鷾"
"iin","殷溵慇"
"iil","懚檼"
"iir","隐瘾乚磤隱嶾櫽癮"
"ij","譩醷"
"it","一壹弌"
"iu","优忧妋獶怮麀憂鄾優嚘瀀櫌耰纋"
"iv","懮"
"yeoj","佁"
"yi","姨夷彝胰痍荑眱珆鴺洟峓恞桋蛦羠跠鮧彞鏔蔩"
"yia","爷耶椰揶琊铘瑘釾爺鋣鎁擨"
"yiah","夜射鵺"
"yiax","也野冶虵壄"
"yiak","药跃钥栎瀹敫龠屵櫟藥纅鑰礿蘥躍爚禴籥鸙"
"yiaq","洋杨阳羊扬疡徉佯炀烊蛘玚旸钖昜眻陽揚崵瑒楊敭暘煬禓瘍輰諹鍚鴹颺鰑鸉"
"yiac","样漾恙炀眻諹颺瀁羕樣"
"yiag","养氧痒蛘勨蝆養瀁癢"
"yiap","殜"
"yie","移迤酏拸袲鉹箷詑虵歋匜杝衪迻栘扅暆熪螔簃謻迆"
"yieh","易伿貤敡"
"yiey","裔曳丿洩曵抴呭枻袣勚跇詍靾勩"
"yiek","易亦液译绎奕掖弈驿腋怿峄蜴埸睪帟焲痬墿嶧圛燚懌斁燡繹醳譯驛襗"
"yiem","盐阎檐闫阽閆塩閻壛簷櫩鹽"
"yieb","艳焰焱滟艶爓艷灧豔灩"
"yief","琰剡淊夵棪扊燄"
"yien","延蜒筵埏鋋郔莚狿綖"
"yieq","赢盈瀛楹嬴攍贏籝"
"yieg","郢浧梬"
"yiel","莚狿"
"yier","演衍戭縯蔩"
"yiep","叶揲殜枼偞葉楪鍱煠"
"yiet","抴"
"yieu","摇窑遥谣姚瑶洮鹞繇徭轺铫鳐珧恌烑軺傜搖嗂猺遙愮媱瑤榣銚飖餆窰窯謡謠颻蘨鰩鷂褕"
"yiew","耀曜鹞趭筄覞艞燿矅鷂讑鷣"
"yiev","舀抭溔鷕"
"yiex","扦酏肔孈匜衪扡崺"
"yih","肄貤勚殔勩"
"yik","翼翌弋翊蛡芅杙隿釴廙潩黓熼瀷"
"yim","淫霪镡撢鐔鱏冘婬蟫鷣碪"
"yin","寅夤蔩螾"
"yiq","蝇蠅"
"yic","孕媵鱦賸膡"
"yil","胤鈏靷濥洕酳"
"yir","引蚓廴吲弞戭縯鈏靷螾濥"
"yio","余予舆蜍馀妤欤狳舁擧鵌伃玙畬艅雓餘嬩璵輿歟旟與藇鸒"
"yioh","与预誉豫欤蓣悇與藇忬悆滪預蕷澦穥礜譽鸒"
"yiox","与予欤藇"
"yip","熠孴"
"yii","台怡贻颐诒饴眙圯洍沶瓵巸宧弬貽詒媐飴頤鏔"
"yiy","异異廙潩"
"yij","已以苡佁攺苢"
"yit","溢逸轶佚镒佾欥劮泆鎰齸"
"yiu","由游油悠犹铀攸猷舀揄蝣莸卣蚰囮甹抌鯈蘨冘斿秞浟偤猶遊楢鈾鲉蕕輶鮋櫾邎庮"
"yiw","釉柚鼬蜼褎輶櫾蜏槱狖牰貁"
"yiv","诱酉莠卣牖琇輶丣羑庮梄蜏槱誘"
"yye","蠵欈"
"yyeh","瓗贀纗"
"yyey","锐睿蜹銳叡銴"
"yyek","役疫坄炈垼豛鈠"
"yyen","沿捐铅缘鸢橼鈆鉛鳶蝝緣櫞"
"yyeq","营蓥茔潆塋營謍濴鎣瀠"
"yyeg","颖颍潁穎"
"yyel","掾縁"
"yyer","兖抁沇兗萒渷馻"
"yyet","说阅悦說娧悅閱"
"yyex","撱芛"
"yyi","维唯遗潍惟琟蓶維濰壝遺"
"yyih","遗瞶蜼遺"
"yyin","匀昀勻畇"
"yyir","允尹狁玧馻"
"yyit","聿鹬肀窵欥潏芛矞銉噊遹燏鴪繘霱驈鱊鷸"
"yyix","孈撱蓶踓壝瀢"
"yiuk","育毓煜昱鬻唷蘛堉逳淯棛喅焴蒮蜟錥儥"
"yiuq","融肜瀜"
"yyo","榆愉逾俞渝瑜臾舀萸腴觎揄谀瘐嵛窬蝓鄃隃堬楰崳媮牏歈褕蕍諛羭踰覦螸騟蘛萮瘉"
"yyoh","裕吁喻谕諭籲"
"yyok","欲浴峪鹆輍鋊慾鵒"
"yyoq","容庸熔溶蓉佣榕镛鳙墉傛搈瑢镕褣鎔傭鄘滽槦銿鏞鱅鷛嵱"
"yyoc","用"
"yyog","勇涌俑踊甬蛹恿傛埇悀湧塎慂踴"
"yyox","愈庾瘐窳抌楰斞貐瘉癒"
"ga","歌哥柯妿滒鴚謌牁"
"gaa","家加嘉旮枷痂镓笳珈袈葭瘕跏傢猳犌豭貑鴐鎵麚幏蟼"
"gaah","价假架嫁驾稼瘕幏價駕"
"gaay","犗"
"gaak","格铬骼挌茖蛒觡鉻鵅"
"gaam","监尴尷監礛"
"gaab","监鉴監鑒鑑"
"gaan","奸菅姦葌"
"gaaq","更庚羹赓粳浭鹒賡鶊秔稉"
"gaac","更筻"
"gaag","梗埂哽绠鲠郠挭綆骾鯁"
"gaal","涧谏锏澗諫鐧"
"gaap","甲钾岬胛梜玾鉀"
"gaat","尜猰擖"
"gaau","交胶郊蛟茭鲛艽芁膠鮫轇鉸摎嘐鵁詨"
"gaaw","教较校觉酵窖敎鉸珓較滘覺"
"gaav","搞搅绞饺狡佼姣铰烄筊絞鉸餃攪"
"gaax","假贾尕嘏瘕叚斝婽椵賈槚榎檟"
"gae","街佳"
"gaeh","懈廨繲薢"
"gaei","皆阶喈荄痎階堦湝稭蝔鶛薢"
"gaey","界届介戒诫尬芥蚧疥丯玠屆砎衸悈誡魪艐"
"gaek","革隔嗝鬲膈塥搹槅諽"
"gaem","缄尲瑊緘黬玪"
"gaef","减碱硷堿減鹻鹼"
"gaen","间闲艰靬間蕳蕑艱覸囏閒"
"gaeq","耕"
"gaeg","耿"
"gael","间闲裥間覸襇閒"
"gaer","简拣柬揀暕簡僴僩"
"gaep","夹郏袷鞈韐饸裌筴夾郟跲餄鵊"
"gaet","嘎秸戛颉钆恝骱圿扴鴶鞂稭袺忦砎釓磍頡"
"gaex","解檞薢"
"gah","个個箇"
"gay","盖钙丐匃鈣蓋"
"gak","各阁搁胳咯袼擱閣"
"gam","甘柑苷泔疳咁媣"
"gaf","敢橄澉"
"gan","干肝竿乾邗迀忓玕鳱漧"
"gaq","刚钢岗缸纲冈罡岡牨剛堈崗犅堽綱鋼掆苀迒笐魧"
"gac","鋼掆"
"gal","干矸旰盰倝骭幹榦"
"gar","赶杆秆擀仠衦皯桿笴稈趕簳"
"gaok","角觉珏榷桷斠玨捔傕瑴覺龣搉"
"gaoq","江扛杠肛豇茳矼釭玒"
"gaoc","降绛洚槓絳"
"gaog","港讲耩傋講"
"gap","闸砝嗑蓋鉀閘"
"gat","割葛噶匃輵獦"
"gau","高膏糕皋羔睾篙槔髙臯橰餻櫜鼛鷎鷱倃"
"gaw","告锆郜诰缟縞誥鋯烄"
"gav","稿杲藁缟夰菒槀稾縞藳暠"
"gax","舸哿笴"
"gei","鸡稽卟笄乩枅雞鷄"
"gey","系计继蓟髻轚計薊檕檵繫繼蘻係"
"gek","击激敫墼擊鸄轚獥"
"gem","兼缣鹣蒹縑鳒鶼鰜"
"geb","搛趝"
"gef","孂"
"gen","肩坚鲣幵菺堅猏豣麉鵳鰹鋻鳽豜"
"geq","经泾巠涇經鵛"
"gec","径迳弪俓逕徑弳桱"
"geg","刭剄烴"
"gel","见枧梘見鋻"
"ger","茧笕枧趼挸梘筧絸繭蠒襺垷"
"geoi","该赅垓剀陔胲侅郂荄峐姟晐祴絯豥賅該剴"
"geoy","概溉摡槩漑槪"
"geoj","改颏絠頦攺"
"geok","裓孂"
"geom","淦蜬弇"
"geob","淦绀紺灨"
"geof","感赣鳡鱤贛灨贑"
"geon","跟根珢"
"geoq","搄揯縆緪絙"
"geoc","亘亙揯縆緪堩"
"geol","艮茛詪珢"
"geor","詪"
"geop","鸽蛤颌铪鴿佮匌閤鞈韐鮯鉿頜敆郃"
"geot","虼"
"gep","颊荚铗蛱梜筴莢唊蛺鋏頰"
"get","结洁桔拮狤袺絜結魝潔鍥"
"geu","浇骁枭徼憿澆梟蟂驍"
"gew","叫徼敫鸄訆嘂噭獥譥"
"gev","缴皎恔晈儌璬皦繳"
"gia","迦"
"geek","戟谻丮撠"
"geeq","京惊荆荊鶁麖驚麠蟼"
"geec","竟镜敬獍鏡"
"geeg","景境警檠璥憼蟼"
"gee","奇畸羁掎攲躸羇羈竒"
"geeh","寄徛"
"geey","讦彐彑罽蘮瀱訐猘"
"geef","检睑檢瞼"
"geer","謇蹇囝搴藆"
"geep","鵖"
"geet","孑讦趌訐"
"geeu","骄娇挢憍嬌穚簥驕鷮撟蕎"
"geev","矫挢撟敽矯蟜譑孂鱎蹻"
"geex","庋掎剞攲踦"
"giak","脚腳屩蹻"
"giab","剑劍劒劔"
"giaq","姜疆僵缰礓畕壃薑橿殭繮韁畺"
"giag","襁镪膙憼繈繦鏹"
"giap","劫砝袷跲衱蜐鉣"
"gieh","翨馶"
"gien","薽籈"
"giec","劲勁"
"gieg","颈頸"
"gioi","机几饥矶讥叽蕲玑桤刏僟嘰璣機禨磯譏鐖饑鞿幾榿蘄"
"gioy","既暨漑禨旡旣蔇曁"
"gioj","几虮幾穖蟣"
"giex","枳"
"ge","机肌饥虮飢"
"geh","冀骥觊洎兾穊覬懻驥"
"geim","金今襟钅衿釒黅"
"geib","禁僸"
"geif","锦錦"
"gein","巾"
"geip","给级急汲芨皀鴔給伋彶級"
"gex","几麂"
"gik","亟棘殛蕀襋茍悈"
"giq","兢矜"
"gir","紧胗緊"
"gio","车居琚椐裾車崌涺腒蜛鶋"
"gioh","据锯踞椐倨豦據鋸澽鐻"
"gion","犍靬鞬騝"
"giol","建毽旔"
"gior","湕揵"
"giot","讦羯訐鍻"
"giox","举莒榉弆筥舉櫸"
"gii","基姬箕萁丌稘錤諅朞諆"
"giy","记記"
"giin","斤筋觔釿"
"giil","靳劤"
"giir","谨堇槿卺巹漌謹慬菦"
"giit","吃讫扢訖"
"gij","己纪妀紀"
"git","吉拮郆趌狤"
"giu","鸠阄丩勼朻鳩鬮"
"giw","救究灸疚厩匓廐廄廏"
"giv","九久韭玖"
"go","孤姑辜菇沽咕呱箍鸪菰胍觚蛄酤泒柧罛軱箛嫴鴣橭盬苽"
"goh","故顾固雇锢痼崮酤鲴凅棝頋稒僱錮鯝顧"
"goi","瑰傀膭瓌鞼櫰"
"goy","愦簂蔮慖刏憒"
"gok","梏郜牿祰"
"gon","昆琨锟鲲醌惃菎晜崐崑猑裈鹍蜫褌瑻錕騉鵾鯤鶤"
"goq","釭"
"gol","琯睔睴璭謴"
"gor","滚辊锟衮磙鲧绲丨袞惃蓘蔉滾緄輥緷鯀錕"
"got","骨汩鹘蓇扢啒淈尳愲榾縎"
"gox","古股鼓估贾钴牯蛊诂罟臌瞽夃羖焸詁鼔鈷皷盬蠱賈"
"gu","句沟勾钩篝缑鞴鞲鸲冓鈎鉤溝褠緱韝軥鴝"
"gua","过锅戈埚緺楇瘑鍋過堝渦蝸"
"goa","瓜蜗娲緺騧媧婐"
"goah","坬"
"goay","狯夬獪"
"goak","虢"
"goan","关擐関癏關"
"goaq","觥觵侊"
"goag","矿礦穬鑛"
"goal","惯倌掼丱摜慣矔"
"goat","刮鸹劀鴰趏颳"
"goax","寡剐冎剮"
"goe","娲脶歄緺騧腡媧蝸"
"goeh","挂卦褂诖掛罣詿"
"goei","乖"
"goey","怪恠"
"goek","帼掴馘嘓腘摑聝幗漍慖膕讗埻"
"goen","纶鳏瘝鰥綸"
"goet","劀鱊"
"goex","拐枴柺"
"guah","过骒鐹過騍"
"guay","会脍桧刽侩浍郐狯劊禬襘會澮檜巜鲙儈鄶獪廥膾旝鱠鬠"
"guak","郭椁崞槨彉彍埻"
"guan","观官冠莞棺倌涫觀毌悹"
"guaq","光恍胱咣桄灮侊垙茪洸珖輄僙"
"guac","桄"
"guag","广邝廣鄺"
"gual","馆观冠灌罐贯鹳盥绾涫觀痯舘錧館毌悺婠貫悹祼遦樌雚鏆瓘爟矔鑵鸛鱹懽巏綰"
"guar","管脘筦痯輨錧悹琯"
"guat","括聒鸹栝銽鴰劊佸葀萿筈頢髺懖铦銛"
"guax","果裹猓蜾锞鐹菓馃惈粿輠餜錁嬤"
"guei","圭闺鲑邽茥珪胿窐袿閨鮭"
"guey","桂炔昋筀"
"guek","狊郹湨犑鶪鼳"
"guen","涓鹃蠲鞙鵑睊焆"
"gueq","垧扃坰駉駫冋絅"
"gueg","炯炅颎煛熲"
"guel","狷懁瓹睊罥獧讂"
"guer","畎詃埍罥羂汱甽"
"guet","决诀抉谲觖芵決玦疦蚗赽趹訣鈌駃鴃潏憰鴂譎鐍觼骙騤"
"guh","购够构媾彀觏遘冓姤夠搆雊構煹覯購怐軥"
"guk","谷毂唂轂榖穀糓濲瀔瑴"
"guq","工公功攻蚣疘釭愩碽篢玒魟"
"guc","贡羾貢"
"guok","国蝈馘蟈國腘膕"
"guoq","肱"
"gux","狗苟垢枸诟岣笱玽耇豿茩詬敂"
"giiu","丩朻樛"
"gyig","憬臩璟暻囧煚"
"gue","妫沩媯嬀溈潙"
"gueh","垝攱"
"gyiy","鳜刿劌鱖"
"gyan","勬"
"gyal","眷桊勬帣弮絭睠飬餋犈觠"
"gyar","卷锩捲菤錈埢韏"
"gyat","罬"
"guex","诡庋佹陒垝恑姽庪祪蛫觤詭蟡攱洈"
"gyak","攫矍镢蠼玃彏躩貜钁"
"gyac","诳臦誑"
"gyag","逛犷獷臩迋"
"gye","规規摫槻鬹"
"gyeh","瞡"
"gyel","绢鄄狷絹"
"gyoi","归皈歸騩"
"gyoy","贵貴瞶"
"gyoj","鬼"
"gyih","季瞡"
"gui","龟鳜螝龜騩鱖頄"
"guy","愧螝騩頍媿聭謉餽"
"guin","麇汮莙麏麕頵"
"guj","轨晷簋宄匦氿軌匭厬頯朹"
"gyin","均钧汮袀鈞"
"gyil","呁"
"gyit","橘繘"
"gyix","癸湀"
"giuk","菊掬鞫匊踘諊泦椈閰趜鵴蘜巈"
"giun","军君皲宭軍莙桾皸鲪鮶"
"giuq","宫弓躬宮匑躳"
"giul","皲捃皸攈"
"gyo","俱拘驹岣捄眗痀跔駒鮈"
"gyoh","句屦蒟邭屨怐絇"
"gyok","锔拲挶梮輂鋦絭"
"gyoq","供恭龚珙廾髸龔"
"gyoc","供龏"
"gyog","巩拱珙廾拲栱輁鞏孒蛬"
"gyol","絭卛"
"gyot","獗厥蕨蹶鳜噘撅橛孓劂鱖孒氒欮瘚橜蟨蟩"
"gyox","矩踽榘椇蒟聥萭楀"
"giut","孒趉鶌"
"giiv","纠赳朻糾鬮"
"la","罗萝锣箩椤猡啰羅儸蘿玀欏籮鑼饠剆囉"
"laa","旯"
"laag","冷"
"laau","窌顟賿"
"laax","藞"
"laei","唻"
"laek","礐"
"laef","脸臉醶"
"laen","斕潾"
"lah","逻邏"
"lay","赖籁濑癞粝賴鵣藾瀨癩籟犡糲"
"lak","乐落洛络骆烙酪珞硌雒跞泺袼轹挌鉻駱轢笿絡鮥鵅濼馲樂躒"
"lam","蓝篮褴儖藍懢襤籃擥蘫"
"lab","滥懢嚂濫爁"
"laf","览揽榄罱擥覽攬欖爁"
"lan","兰栏拦澜斓阑谰闌襕攔蘭幱瀾欄籣欗躝讕筤艆躴閬鋃鎯駺蜋哴"
"laq","狼郎廊琅榔螂踉阆锒莨啷稂欴蓈桹瑯硠筤艆躴閬鋃鎯駺蜋哴"
"lac","浪阆蒗閬埌"
"lag","朗朖誏崀俍"
"lal","烂谰镧讕鑭爛爤糷"
"lar","懒谰灡讕懶嬾"
"laok","荦犖"
"laoq","泷瀧"
"lap","腊蜡邋臈搚臘镴蠟鑞擸"
"lat","辣喇剌粝瘌轹楋揧辢蝲鬎攋癩糲轢"
"lau","劳捞牢崂醪铹撈窂哰勞嶗憥蟧簩鐒髝簝"
"law","涝痨耢僗癆髝嫪澇橯耮"
"lav","老姥佬潦铑栳荖恅銠橑轑"
"lax","椤欏剆砢曪"
"lei","黎犁莉藜骊黧筣盠蔾謧邌鯬廲驪瓈"
"ley","丽隶荔俪戾唳捩劙欐沴珕栛涖悷蜧綟隷隸麗盭儷蜦秝蚸厤蒚歷曆磿瓅壢攊藶櫟嚦瀝櫪礫皪癧"
"lej","礼澧蠡醴鲡鳢盠劙鱺豊禮欐鱧欚"
"lek","历沥砾雳镉栎郦枥坜鬲呖跞疬泺苈轹鎘秝蚸厤蒚歷曆磿瓅壢攊藶櫟嚦瀝櫪礫皪癧轢靂觻擽濼蝷躒"
"lem","濂溓熑薕濓燫鬑"
"leb","稴"
"lef","溓稴"
"len","莲怜蓮嗹憐縺"
"leq","令零灵铃龄伶玲拎羚苓聆翎泠瓴囹呤棂蛉酃柃獜鏻〇刢阾彾狑姈昤砱秢鸰竛笭舲紷軨跉詅閝鈴駖蕶鹷鴒魿澪霝霛蘦孁齡櫺醽靈欞麢爧龗"
"lec","另"
"leg","笭"
"lel","练炼楝揀浰堜萰僆湅煉練鍊鰊"
"leoi","来莱涞崃铼來郲萊梾逨崍徠猍庲淶棶錸騋鶆麳鯠犛斄"
"leoy","睐徕赉逨徠勑睞賚誺"
"leoj","唻"
"leok","勒肋叻鳓嘞仂泐阞扐艻玏竻鰳朸"
"leom","岚婪啉葻嵐燷燣惏"
"leob","顲僋"
"leof","缆漤燣浨醂壈纜顲"
"leoq","棱楞塄稜倰祾輘"
"leoc","愣踜倰"
"leop","拉啦垃摺菈搚磖"
"let","唳捩綟盭奊夨"
"leu","辽僚聊寥缭撩嘹寮獠鹩摷蟧橑膋漻憀遼敹嶚憭嫽璙膫竂蟟簝豂繚髎飉鷯瞭鐐熮翏"
"lew","料镣尥嫽璙炓"
"lev","了缭蓼憭繚镽鄝爒"
"li","梨蜊刕棃犂蔾蟍鯬鑗秜"
"liak","略掠撂詻擽畧"
"liaq","量良梁粮凉粱踉椋墚涼辌蜋綡樑輬糧"
"liac","量亮辆掠谅晾踉悢緉哴喨輛諒"
"liag","两俩魉両兩倆掚脼裲蜽緉魎"
"lie","离璃漓罹篱骊郦鹂蓠缡攡黐樆褵縭醨謧離鵹蘺灕孋劙矖穲籬驪鸝酈犡禲礪蠣糲鮤"
"lieh","荔詈珕"
"liey","例励厉砺蛎洌疠粝砅栵厲勵巁癘濿櫔蠇犡禲礪蠣糲鮤鬑鐮籢籨襝蘞薟獫"
"liem","廉帘镰裣臁奁莶搛蠊猃蔹覝奩匳薕鎌簾鬑鐮籢籨襝蘞薟獫"
"lieb","殓潋猃爁殮瀲獫"
"lief","捡敛潋莶猃蔹撿溓嬚斂羷蘞澰瀲薟獫"
"lien","连联链涟鲢裢連漣褳聮翴聯鰱槤鏈"
"lieq","跉"
"liec","令詅"
"lieg","领岭柃阾袊領嶺"
"liel","摙"
"lier","琏撵辇膦璉鄻僆摙輦攆"
"liep","猎鬣躐獦巤儠擸獵犣鬛鱲"
"liet","列烈裂冽咧趔洌栵挒茢迾姴蛚颲鴷鮤"
"lieu","燎髎"
"liew","疗鹩膫療鷯尞熮"
"liev","缭憭嫽璙繚爒"
"liex","逦峛邐"
"lih","利俐莅痢猁疬琍涖蒞鬁"
"lik","力仂泐屴朸鳨"
"lim","林临淋琳霖箖臨瀶痳"
"lib","临"
"lif","凛廪檩懔癛菻凜廩澟懍檁顲"
"lin","邻磷麟鳞粼嶙辚瞵粦鄰獜潾璘燐疄麐翷繗轔壣鏻驎鱗駗藺躙轥躪"
"liq","陵凌菱绫鲮夌掕崚淩祾蔆綾鯪"
"lil","遴蔺吝躏辚瞵粦燐疄麐轔鏻撛悋橉閵甐藺躙轥躪"
"lir","撛僯橉"
"lio","驴庐榈闾胪璷廬臚閭藘櫚驢櫖爈"
"lioh","虑滤慮勴濾櫖鑢"
"liox","旅吕铝侣膂稆呂郘侶梠祣絽鋁儢穭"
"lip","立粒笠砬苙岦鴗"
"lii","厘狸喱嫠倈剺筣艃孷貍犛釐斄氂梩"
"liy","吏"
"lij","里李理哩鲤锂俚娌悝浬裡裏鋰鯉"
"lit","栗溧傈篥凓塛搮慄瑮鷅麜"
"liu","流留刘榴瘤硫浏琉馏遛鎏骝镏旒熘摎憀裗蒥嵧瑠飗駠鹠劉瑬疁镠駵鎦餾瀏懰鏐飀騮鰡鶹飂勠"
"liw","溜廖鹨窌畂餾嬼塯廇霤飂鷚翏僇勠"
"liv","柳浏绺茆锍懰珋綹罶鋶熮嬼"
"lix","履"
"lo","炉芦卢颅泸噜鲈轳撸鸬栌舻垆擼嚕玈盧壚攎蘆嚧獹瀘瓐櫨爐矑蠦罏籚艫纑轤鑪顱髗鸕鱸黸"
"loh","路露赂潞鹭璐辂輅賂蕗簵簬虂鷺"
"loi","雷擂镭檑畾瓃櫑罍鐳轠鑘"
"loy","擂耒酹檑礧傫儽銇錑攂颣纇蘱"
"loj","蕾磊儡郲櫑礧磥癗鑘頛"
"lok","泺濼"
"lon","论掄菕崘崙論"
"lol","论碖溣論"
"lor","睔惀碖"
"lot","硉"
"lox","鲁虏卤掳橹氇镥鹵虜蓾滷樐魯擄櫓艣鏀鐪鑥氌樓膢耬螻艛謱鞻髏摟簍鷜褸"
"lu","楼搂娄喽偻髅耧蝼蒌剅瞜婁僂蔞遱嘍廔慺樓膢耬螻艛謱鞻髏摟簍鷜褸"
"lua","螺骡摞镙脶蠃腡鏍覶騾覼驘鸁"
"luah","漯摞"
"luay","酹頪"
"luak","硦"
"luan","滦峦鸾栾銮脔圝巒欒曫灓羉臠圞灤鑾鸞"
"lual","乱灓亂"
"luar","卵"
"luat","捋蛶"
"luax","裸瘰倮蠃蓏躶臝"
"luh","漏陋镂偻瘘僂屚瘻瘺蔄"
"luk","鹿禄麓辘漉渌泺簏鄜龣磟甪彔淥娽琭祿睩盝摝蔍箓廘趢螰轆簶鏕騼觻濼櫳曨朧矓礱襱龓籠聾蠪豅鸗"
"luq","笼聋胧珑茏咙砻泷栊屸昽眬蘢嚨巃瀧瓏櫳曨朧矓礱襱龓籠聾蠪豅鸗"
"luc","弄咔砻哢礱梇挵"
"lug","拢昽巃曨襱龓儱攏竉"
"lux","篓嵝溇嘍謱塿嶁漊甊簍"
"liiu","蟉镠鏐"
"lye","羸"
"lyeh","累"
"lyen","挛孪孿攣"
"lyel","恋娈戀孌灓"
"lyer","脔娈脟孌臠"
"lyet","劣埒锊蛶浖脟哷鋝"
"lyex","累厽絫樏"
"lyi","嫘缧縲瓃虆欙纝傫樏纍儽鸓"
"lyih","类泪瓃淚類蘱禷"
"lyin","轮伦仑沦抡囵掄侖倫陯圇淪惀棆蜦輪踚鯩"
"lyir","耣"
"lyit","率律膟寽葎繂"
"lyix","垒耒诔轠誄藟壘櫐蘽讄鸓蜼猚"
"liuk","六陆戮蓼磟坴陸淕稑僇剹勠踛穋鵱鯥"
"liuq","隆窿癃霳"
"lyo","娄镂瘘嵝蒌瞜蔞慺膢摟嶁瘻鏤氀鷜"
"lyoh","屡屢"
"lyok","录绿碌氯逯渌菉淥娽箓趢醁録錄騄籙緑綠"
"lyoq","龙茏龍蘢躘驡鸗"
"lyoc","躘儱贚"
"lyog","垄陇垅隴壠壟"
"lyox","缕偻褛嵝蒌溇僂蔞慺謱嶁漊簍褸縷"
"maa","吗麻妈嘛蟆媽嗎痲犘"
"maah","骂杩傌榪禡罵駡鬕"
"maay","迈劢佅勱邁"
"maak","陌佰蓦貊貘帞袹蛨嗼銆驀洦"
"maan","蛮鬘蠻獌"
"maaq","盲虻莔鄳蝱"
"maac","孟朚"
"maag","猛锰勐蜢艋鄳錳鱦"
"maal","慢熳嫚縵"
"maar","矕"
"maat","帓"
"maau","猫茅蝥犛貓罞鶜媌"
"maaw","貌緢皃"
"maav","卯铆峁茆泖昴緢戼鉚媌"
"maax","马码蚂玛犸馬獁瑪碼螞鷌鰢"
"maeh","卖賣"
"maei","埋霾薶"
"maey","韎"
"maek","麦脉唛脈麥衇嘜霢覛眽"
"maeq","萌氓甍甿蕄嫇"
"maeg","黾鼆黽"
"mael","蔄"
"maer","睌"
"maet","睰礣齂"
"maex","买荬買蕒嘪鷶"
"may","沬枺眜"
"mak","莫幕膜漠寞镆瘼鄚塻嗼瞙鏌"
"mam","姏"
"maq","忙芒茫邙吂汒杗恾朚蘉"
"mac","漭吂"
"mag","莽蟒漭茻壾蠎"
"maok","邈瞀眊瞐毣"
"maoq","尨厖哤狵浝娏牻痝蛖駹"
"mau","毛髦锚牦旄枆酕堥氂錨芼楙"
"maw","冒帽耄瑁旄冃芼眊覒媢"
"mav","冇蓩冃媢"
"mei","迷咪醚麛"
"mey","谜謎"
"mej","米眯脒洣蔝"
"mek","觅汨纟冖幂糸冂覓塓幎覛漞鼏冪濗幦羃蓂覭"
"mef","厸"
"men","眠矏"
"meq","铭冥溟瞑螟暝鄍蓂猽嫇榠銘覭"
"meg","茗酩眳嫇姳瀴"
"mel","面眄麫麪麵"
"mer","眄芇丏"
"meoy","脄"
"meoj","挴"
"meok","万墨默纆艒"
"meoq","瞢朆蕄"
"meoc","懜"
"met","蔑篾蠛覕鴓幭瀎懱衊鱴粖"
"mia","咩"
"meeq","明盟鸣朙鳴"
"meec","命"
"meeg","皿"
"miax","乜"
"mee","糜縻蘼醿"
"meer","免勉冕娩俛絻鮸"
"meeu","苗描瞄鹋喵貓緢鶓"
"meew","庙庿廟"
"meex","靡蘼骳"
"mie","弥猕冞擟麊彌獼镾鸍瀰瓕"
"miey","袂"
"mien","棉绵宀芇綿蝒臱緜櫋矊矏"
"mieq","名洺"
"miec","詺"
"mieg","眳慏"
"miel","面偭"
"mier","缅湎沔黾汅勔偭愐緬黽"
"miet","灭搣滅"
"mieu","蜱篻"
"miew","妙覅篎玅"
"miev","秒渺淼藐缈杪眇訬篎緲"
"miex","弭芈敉羋侎沵葞渳瞇濔瀰蝆"
"mih","寐媢"
"me","眉霉湄麋楣嵋猸鹛郿葿睂瑂矀攗蘪鶥黴覹緡錉鍲笢閩闅忞"
"meh","魅媚郿鬽煝蝞篃嚜"
"mein","闽岷珉缗玟苠睧旻旼盿罠捪瑉碈鈱痻緍緡錉鍲笢閩闅忞"
"meir","敏闵悯愍鳘暋敃閔湣慜潣憫簢鰵"
"meit","密宓嘧沕蔤滵樒"
"mex","美镁渼媄媺鎂"
"min","民睧怋闅"
"mir","泯渑抿黾刡笢黽僶澠"
"mit","蜜谧淧榓謐"
"miu","谋矛牟眸蟊哞蝥鹨鍪蛑侔毪鷚堥劺恈謀麰鴾鞪雺"
"mo","无模摸摹馍谟嫫橅謨饃無墲"
"moh","墓慕暮募仫慔"
"moi","梅煤媒枚玫酶莓镅脄脢腜禖塺鋂"
"moy","妹昧瑁脢眛痗"
"moj","每浼挴燘潣"
"mok","瑁媢萺艒"
"mon","们门扪钔樠門捫璊鍆虋們怋亹"
"moc","雺"
"mol","闷焖懑悶燜懣"
"mor","懑懣"
"mot","没殁沒歿莈"
"mox","姥媽峔"
"mu","呣"
"mua","么魔摩磨蘑劘"
"muah","耱塺"
"muan","瞒馒曼蔓鳗镘颟墁鞔顢悗慲樠瞞饅鬗鰻槾鏝芇絻蹣"
"mual","漫幔谩熳缦镘墁獌縵謾鏝"
"muar","满螨懑滿蟎鏋懣"
"muat","末抹沫茉秣韎瀎妺昩眜粖靺"
"muax","么嬷麽麼嬤懡"
"muh","贸茂懋袤戊瞀貿楙愗鄮苺雺"
"muk","木沐朷蓩蚞毣楘霂艒鞪鶩"
"muq","蒙朦檬蠓艨礞罞髳霿冡幪濛鹲矇靀饛鸏懜霥雺霚"
"muc","艨霿"
"mug","蒙懵蠓曚鹲鸏"
"mux","某母亩姆牡拇胟畞畝畮踇"
"miiu","鹨鷚"
"myaf","錽"
"myaq","亡硭杗铓朚鋩亾莣朢"
"myac","望忘妄汒朢"
"myag","网惘罔辋魍菵棢蛧網輞誷"
"myoi","微薇矀癓"
"myoy","未味沬菋鮇"
"myoj","尾娓艉浘亹斖"
"miiw","缪谬繆謬"
"miuk","目牧穆睦钼苜坶萺鉬"
"miun","文闻纹蚊雯阌彣炆紋馼聞鳼閿螡闅鼤蟁"
"miuq","瞢鄸懜"
"miuc","梦瞢鄸夢"
"miul","问紊汶璺絻莬脕鼤抆問"
"miur","吻刎勽抆伆"
"myo","无芜巫毋诬蝥呒怃膴瞴嘸誣莁鹀無墲蕪璑鵐譕鷡憮"
"myoh","务雾鹜婺骛蝥嵍敄務霚霧騖鶩"
"myon","樠"
"myol","万鬗獌澫輓卍脕萬蟃贎"
"myor","晚挽輓脕"
"myot","袜襪韈韤"
"myox","舞武侮妩鹉庑呒怃膴瞴嘸娬珷碔廡潕憮嫵甒儛鵡敄"
"miut","物勿芴沕昒伆岉"
"na","挪傩臡儺"
"nah","那"
"nay","奈萘柰镎渿錼"
"nak","诺锘諾鍩"
"nan","难難"
"naq","囊馕囔蠰饢"
"nac","灢儾"
"nag","曩灢"
"nal","难難"
"nap","笝魶"
"nat","捺"
"nau","猱峱嶩巎獿憹訄臑"
"naw","腝"
"nav","脑恼瑙垴匘堖惱腦碯"
"nax","哪娜袲橠"
"nei","泥屔埿臡"
"ney","埿迡"
"nej","坭祢薾檷禰瀰嬭苨鑈"
"nek","溺惄愵"
"nem","拈鲶鲇鮎鯰"
"neb","念"
"nef","淰姌"
"nen","年秊"
"neq","宁咛聍甯寍寧嚀聹鸋"
"nec","宁泞佞甯寧鸋寗濘"
"neg","拧聍聹擰"
"nel","晛"
"ner","捻跈撚蹨涊"
"neoy","耐鼐佴耏螚"
"neoj","乃鼐氖迺倷"
"neom","男南楠囡抩柟"
"neob","妠"
"neof","腩蝻萳揇湳"
"neoq","能"
"neop","纳钠衲吶妠納軜鈉蒳魶"
"nep","埝鑈苶菍惗敜錜籋暬慹"
"net","捏涅揑苶圼菍湼篞"
"new","尿脲"
"nev","袅娆嬲裊嫋褭嬝嬈"
"qa","鹅蛾俄峨娥哦莪锇硪峩涐睋誐鋨鵝"
"qaa","牙呀芽衙蚜伢枒齖庌"
"qaah","讶迓砑枒齖犽訝"
"qaak","额頟額峉詻"
"qaam","岩巖礹"
"qaan","颜楌顏顔"
"qaal","雁赝偐鳫鴈贋贗"
"qaat","聐齾"
"qaau","聱磝謷"
"qaaw","乐硗磽樂"
"qaav","咬齩"
"qaax","雅疋厊庌"
"qae","崖涯捱啀厓猚"
"qaeh","睚"
"qaei","娾"
"qaey","譺"
"qaej","娾騃"
"qaek","鳽虉"
"qaem","癌羬嵒碞麙黬"
"qaeb","顑"
"qaen","訮詽虤"
"qaeq","俓娙"
"qaec","硬鞕"
"qaer","眼"
"qah","饿餓"
"qay","艾哎鴱"
"qak","鄂鳄噩愕锷鹗萼谔腭颚咢偔堮遌崿湂諤鍔顎鶚鰐齶鑩鱷"
"qan","犴豻雃"
"qaq","昂枊卬"
"qac","枊"
"qal","岸顸犴豻頇喭"
"qaok","乐岳觷捳樂嶽鸑"
"qap","儑"
"qat","蘖顸歺屵頇枿嶭櫱齾"
"qau","熬鳌敖遨翱嗷螯骜獒鏊廒聱嗸嶅蔜滶璈摮謷翺鷔鰲鼇嫯驁"
"qaw","傲骜鏊謷鷔奡嫯驁"
"qax","我硪騀"
"qei","倪霓鲵猊郳婗棿蜺輗貎觬鯢麑齯"
"qey","诣羿睨堄甈盻栺詣"
"qej","觬掜晲堄"
"qek","鹢艗鶂鷁虉"
"qen","研妍趼俓鳽姸硏揅"
"qeg","矨"
"qel","砚趼豜硯"
"qer","齞"
"qeoi","呆皑剀嵦皚獃隑剴敳"
"qeoy","碍阂硋礙閡懝儗"
"qeom","嵁"
"qeob","儑"
"qeof","嵁顉"
"qeon","圻泿"
"qeop","儑砐礘魥礏"
"qet","镍啮臬陧摰闑蜺隉嵲槷嶭臲鎳齧"
"qeu","尧侥僥垚峣堯嶢顤"
"qew","嘄顤獟鼼"
"qeek","逆屰縌"
"qeeq","迎"
"qee","仪宜宐儀鸃轙"
"qeeh","义议谊竩義誼議"
"qeeb","验噞驗"
"qeef","嬐崄嶮隒噞顩"
"qeel","彦唁谚甗彥喭諺"
"qeer","谳嵃遃甗巘齴讞"
"qeet","孽蘖谳闑孼櫱蠥糱钀讞"
"qeex","蚁舣锜螘錡檥礒蟻艤轙齮羛"
"qiay","刈乂"
"qiak","虐疟磭瘧"
"qiam","严嚴"
"qiab","酽釅"
"qiaf","俨儼曮礹"
"qiag","仰卬"
"qiap","业邺業鄴嶪澲驜鸈"
"qiey","艺呓埶蓺槸褹寱藝囈"
"qioi","沂溰"
"qioy","毅顡豙藙"
"qioj","螘顗"
"qe","狋"
"qeh","劓"
"qeim","吟碞乑荶唫崟訡"
"qeif","僸趛"
"qein","银垠鄞狺泿珢訔圁銀誾檭嚚"
"qeil","垽猌慭憖憗"
"qeir","磭龂釿齗"
"qeip","岌"
"qeit","圪聉耴"
"qik","嶷薿懝觺"
"qiq","凝"
"qir","磭釿齗"
"qio","鱼渔龉魚漁铻鋙齬"
"qioh","语御驭馭"
"qion","言讠訁琂甗"
"qiol","鬳"
"qior","屵巘"
"qiot","钀"
"qiox","语御圄龉圉敔铻語鋙蘌齬禦篽籞"
"qii","疑嶷觺"
"qiy","譺豙儗"
"qiin","圻鄞龈狺斦龂齦齗"
"qiil","垽"
"qiit","屹疙圪仡"
"qij","拟譺孴擬薿儗"
"qiu","牛"
"qiw","鼼"
"qo","吴吾梧浯蜈唔龉鼯牾鋘吳郚娪珸祦鯃峿麌齬誤窹"
"qoh","误悟晤捂焐牾忤痦迕寤遌遻啎逜悮悞誤窹"
"qoi","桅嵬阢峞鮠硙磑"
"qoy","硙磑"
"qoj","隗顡峞頠"
"qon","梱瘒顐"
"qol","诨諢顐"
"qot","兀杌阢刖扤屼矹鼿軏"
"qox","五伍午仵旿"
"qu","齵"
"qua","讹吪囮訛鈋魤譌"
"qoan","顽頑"
"qoal","薍"
"qoat","刖"
"qoax","瓦佤邷"
"qoey","聩聵顡"
"qoet","聉"
"quah","卧臥"
"quay","外"
"quak","瓁"
"quan","鼋刓抏岏忨蚖羱黿"
"qual","玩貦忨翫妧"
"quat","枂"
"quh","偶"
"qux","偶藕耦蕅髃"
"qiiu","聱"
"que","危峗洈"
"queh","伪偽僞"
"quex","姽硊頠"
"qyoi","巍犩"
"qyoy","魏犩"
"qiuk","砡"
"qiur","夽喗齫齳"
"qyo","娱愚虞禺隅齵娛堣嵎湡澞鍝髃鰅鸆"
"qyoh","遇寓禺庽媀"
"qyok","玉狱钰顼鈺獄鳿"
"qyon","元原源沅塬芫鼋螈邧杬蚖蒝獂嫄榞羱黿謜騵厵"
"qyoq","喁颙顒鰅"
"qyol","愿傆願"
"qyor","阮朊邧"
"qyot","月刖扤鈅抈岄玥枂軏跀"
"qyox","俣俁噳麌"
"njei","臡"
"njoj","疓"
"nia","若婼"
"niah","偌渃"
"niax","若惹喏"
"niak","若弱箬叒鄀楉蒻"
"niaq","瓤穰禳獽瀼躟鬤儴勷蘘"
"niac","让懹讓欀"
"niag","壤嚷攘穰蠰躟"
"nie","儿兒唲婼"
"niem","髯蚺冄呥柟袡舑蛅"
"nief","染冉苒柟姌媣"
"nien","然燃肰繎"
"nier","熯戁橪蹨"
"niep","嗫颞囁讘顳喦"
"niet","热苶熱"
"nieu","饶桡荛蛲橈襓饒蟯蕘"
"niew","绕繞"
"niev","扰绕娆嬈擾遶繞"
"niex","迩尒尔爾邇"
"nih","二贰弍貳樲髶"
"nim","任壬恁銋鵀纴紝"
"nib","任妊衽鵀纴絍"
"nif","饪荏稔恁銋栠棯袵飪腍餁"
"nin","人仁亻朲"
"niq","仍扔艿辸礽"
"nic","芿"
"nil","认刃韧仞轫讱杒牣肕軔訒韌認"
"nir","忍荵涊"
"nio","如茹铷洳蒘銣蕠鴽"
"nioh","洳"
"niox","汝肗"
"nip","入廿"
"nii","而鸸鲕陑耏咡峏洏栭胹輀髵鴯鮞誀陾"
"niy","饵珥佴咡毦衈餌刵誀眲"
"nij","耳洱铒鉺駬"
"nit","日驲馹衵臸"
"niu","柔揉鞣蹂葇瑈腬蝚鍒騥鰇鶔"
"niw","煣輮"
"niv","沑禸粈葇煣輮韖楺"
"nye","痿"
"nyey","钠芮蚋枘鈉汭蜹笍"
"nyen","堧繎撋瑌"
"nyer","软耎軟偄愞瑌腝碝蝡緛輭"
"nyet","蚋蜹焫爇"
"nyex","蕊甤繠蘂"
"nyi","蕤擩甤緌桵捼"
"nyin","犉瞤眴"
"nyil","润闰閏閠潤"
"nyir","蝡"
"nyix","甤繠"
"niuk","肉衄鲕鮞朒"
"niuq","绒戎狨茙絨駥"
"nyo","儒濡蠕嚅薷襦颥獳嬬臑繻醹顬鱬"
"nyoh","孺擩"
"nyok","辱褥缛溽蓐鄏嗕媷縟"
"nyoq","茸秾穠襛搑榵穁髶"
"nyog","冗軵搑穁宂氄"
"nyox","乳薷醹擩"
"no","奴驽孥砮笯駑"
"noh","怒笯"
"noi","捼"
"noy","内內"
"noj","馁餒鮾浽娞脮餧"
"nok","耨傉搙"
"non","黁"
"noq","农脓侬哝農辳儂噥憹膿"
"nol","嫩抐媆腝"
"not","讷肭抐訥"
"nox","努弩孥胬砮"
"naa","拿揸拏蒘詉笯挐摣"
"naaq","狞獰鬤"
"naag","柠檸"
"naar","赧戁"
"naau","孬铙呶硇怓鐃譊"
"naaw","闹淖桡閙鬧橈"
"naav","挠撓獿"
"nae","掜誽"
"naei","摨搱"
"naey","褹"
"naek","疒眲"
"naem","喃諵"
"naeb","諵"
"naef","淰"
"naen","嘫"
"naeq","儜薴嬣鑏鬡"
"naet","痆"
"naex","奶嬭"
"naok","搦搙"
"naoq","哝涳譨鬞噥"
"naog","攮擃"
"neem","粘黏"
"neel","碾輾"
"neer","碾"
"neep","聂蹑镊睪帇踂聶籋躡鑷"
"neex","旎抳狔"
"neak","逽蹃"
"neaq","娘瓤孃"
"neac","酿釀"
"ne","呢尼妮铌怩蚭跜鈮柅"
"neh","腻膩"
"neim","您鵀纴紝"
"neib","赁賃"
"neif","拰"
"nein","纫紉"
"neip","孨"
"neit","昵暱衵"
"nex","柅"
"neik","匿恧"
"neo","蒘帤挐袽"
"neoh","女"
"neox","女钕籹釹"
"neij","你您伲聻伱"
"neiu","妞"
"neiw","糅猱狃腬"
"neiv","扭纽钮狃杻莥紐鈕禸"
"noak","搦蹃"
"noan","奻"
"noal","奻"
"noat","妠袦"
"noet","肭豽貀"
"nueh","诿諉"
"nyat","呐吶"
"neuk","忸肭衄恧沑"
"nyuq","浓秾濃檂穠襛醲"
"nu","羺獳"
"nua","捼"
"nuah","糯懦堧稬穤愞"
"nual","渜稬偄愞"
"nuar","暖渜煗餪稬煖"
"nuh","耨槈鎒譳搙擩"
"nuc","癑齈"
"nux","啂陾"
"o","乌污呜钨邬圬扝弙杇洿烏釫鄔嗚歍螐鴮鎢鰞瑦盓汚"
"oh","恶垭肟噁惡埡汙"
"oi","偎煨隈揋葨渨椳鳂鰃"
"oy","隈"
"oj","猥嵔腲鍡碨"
"ok","沃鋈鲎鱟觷"
"on","温瘟韫昷塭殟溫豱辒輼轀缊蕰緼薀縕韞"
"ol","揾搵"
"or","稳穩"
"ot","腽淴嗢膃榅殟榲揾搵馧"
"ox","坞垭摀瑦隖塢嵨溩埡"
"baa","吧巴疤芭笆粑岜钯蚆羓豝鈀"
"baah","霸坝靶灞弝垻覇壩欛"
"baay","败敗"
"baak","百柏伯迫佰栢湐敀"
"baan","班般斑颁扳鳊癍頒斒辬鯿朌肦鳻螌"
"baaq","閍祊嗙騯"
"baac","跰"
"baar","版板钣舨瓪昄鈑蝂闆"
"baau","包胞苞勹佨枹"
"baaw","爆豹"
"baav","饱飽"
"baax","把"
"baeh","庍"
"baei","掰"
"baey","拜"
"baek","擘薜檗糪蘗"
"baen","斒虨"
"baeq","绷浜捠絣繃"
"baec","迸"
"bael","扮"
"baet","八扒捌玐朳哵釟"
"baex","摆捭擺"
"bay","贝钡狈呗芾貝狽鋇唄茷伂"
"bak","博猼愽簙鎛餺髆欂襮鑮"
"baq","帮幫鞤縍"
"bac","谤謗搒"
"bag","榜蒡氆牓"
"baok","剥驳趵剝駁駮髉肑嚗"
"baoq","邦梆垹"
"baog","绑綁"
"bau","褒煲襃"
"baw","报報"
"bav","保宝堡葆褓鸨珤堢駂鴇緥賲寶宲"
"bei","蓖篦狴悂豍鎞梐箄螕"
"bey","闭箅嬖閉閇"
"bek","壁綼廦繴鼊"
"ben","编边蝙蹁笾煸萹猵牑編邊籩甂"
"beg","鞞"
"bel","遍徧"
"ber","扁匾碥缏萹惼糄藊緶"
"beok","北"
"beoq","崩嘣"
"beoc","泵堋镚鏰"
"paa","葩蚆妑舥鈀"
"paah","怕帕帊"
"paak","拍魄啪珀敀洦皛"
"paan","攀眅"
"paaq","烹恲"
"paal","襻"
"paar","眅"
"paau","泡抛脬拋"
"paaw","炮疱窌奅皰麭礮"
"paeh","派哌蒎"
"paey","湃浿"
"paek","糪"
"paeq","抨怦砰伻匉弸閛"
"paec","碰椪"
"paeg","皏"
"pael","盼盻"
"paet","趴叭汃"
"pay","沛霈浿"
"pak","胉濼奤蒪"
"paq","乓镑磅滂鎊雱霶"
"pag","耪髈"
"paok","朴璞飑钋攴颮鞄釙謈圤墣樸"
"paoq","胮"
"paoc","胖肨"
"pau","藨"
"pei","批砒鈚磇錍"
"pey","媲濞睥渒"
"pek","劈癖噼霹憵澼"
"peq","拼乒姘俜甹艵頩竮覮"
"peg","頩"
"pel","片"
"peoj","啡朏俖"
"peoq","堋漰"
"peog","倗剻"
"pet","撇氕丿暼撆鐅嫳"
"pi","纰悂紕"
"pee","披铍帔狓秛耚旇翍鲏鈹鮍"
"peeh","帔襬秛"
"peer","鴘"
"peev","麃"
"peex","紴"
"pieh","譬"
"piey","潎"
"piek","僻癖廦"
"pien","篇偏翩犏萹媥"
"piec","聘娉俜"
"piel","骗騙騗"
"piet","瞥癟潎"
"pieu","飘漂嫖镖嘌杓螵摽爂鏢彯翲旚犥飄僄慓"
"piew","票漂摽彯翲勡僄慓"
"piev","缥瞟縹犥篻醥顠皫"
"piex","吡仳庀疕諀"
"pih","屁"
"pe","丕苤呸怌伾秠豾鉟髬駓魾"
"peh","淠濞嚊"
"peif","品榀"
"pein","砏虨"
"pex","疕秠嚭"
"pik","堛愊稫畐踾揊疈"
"pin","缤繽"
"piq","砯"
"pit","匹鷝"
"piu","醅紑肧衃秠"
"piw","副褔"
"piv","紑秠"
"po","铺誧豧陠痡鋪鯆潽墲"
"poh","铺怖誧悑鋪舖"
"poi","坯胚醅肧衃抔"
"poy","配朏胐嶏"
"pon","喷噴濆歕"
"pol","喷湓噴歕"
"por","翉"
"pot","馞昢哱"
"pox","普浦埔溥氆镨誧烳鐠"
"pua","坡玻"
"puah","破"
"puak","膊粕泺胉濼奤蒪"
"puan","番潘"
"pual","判泮姅眫冸沜牉頖"
"puar","坢"
"puat","泼鱍潑鏺"
"puax","颇叵笸钷鉕駊頗"
"puh","仆踣豧"
"puk","扑噗泺攵醭攴骲濼撲墣"
"pux","剖蔀婄"
"pyay","肺杮"
"pyab","泛姂氾汎"
"pyaf","钒釩"
"pyaq","芳淓"
"pyac","访妨邡訪"
"pyag","仿纺彷鴋紡髣鶭"
"pyoi","菲妃霏婓裶騑"
"pyoy","费镄昲費鐨靅髴"
"pyoj","菲斐悱朏奜"
"piuk","覆蝮蕧"
"piun","芬纷氛酚砏衯紛棻雰錀"
"piuq","丰沣酆豐蘴灃寷麷"
"piuc","麷赗賵"
"piul","忿湓瀵魵"
"piur","魵"
"pyo","俘孚敷孵麸殍桴稃郛莩姇荂怤尃紨筟鄜豧麩麱泭罦郙秿痡"
"pyoh","赴讣豧簠訃婏"
"pyon","反番翻幡旛轓飜繙"
"pyoq","峰丰锋蜂烽仹妦峯桻鋒蘴蠭莑"
"pyog","捧"
"pyol","汳奿嬎嬔"
"pyox","抚拊弣俌撫殕"
"piut","佛拂祓艴乀刜茀彿髴嶏"
"bi","屄"
"beeq","兵"
"beec","柄邴怲棅鈵寎"
"beeg","丙炳秉邴苪怲昞窉蛃"
"bee","碑陂罴襬藣诐詖錍焷羆"
"beeh","陂藣佊诐貱詖"
"beem","砭"
"beeb","窆"
"beef","贬貶"
"beel","变變"
"beer","鴘辡覸"
"beet","别別莂"
"beeu","镳儦藨瀌臕鑣"
"beew","俵"
"beev","表裱婊錶"
"beex","彼佊柀"
"bie","卑裨鹎鵯痺鞞箄渒錍椑"
"bieh","臂"
"biey","蔽鄨鷩彆"
"biek","辟璧襞躄鐴"
"bien","鞭鳊箯鯾鯿揙"
"bieq","并栟箳"
"biec","并摒併"
"bieg","饼鉼餅"
"bier","褊"
"biet","鳖憋鄨鷩鱉鼈虌"
"bieu","标飚飙杓髟瘭骉猋蔈幖標熛贆飆飊驫"
"biew","嫑"
"biev","褾"
"biex","俾髀鞞箄崥"
"bih","庇痹畀"
"be","悲"
"beh","秘泌毖辔柲粊邲閟鄪祕轡"
"beif","禀稟"
"bein","斌彬玢豳攽汃邠砏虨霦"
"beip","皀鵖"
"beit","笔铋滗柲筆鉍潷咇"
"bex","鄙娝啚"
"bik","逼皀偪楅皕湢"
"bin","宾滨濒槟镔傧賓賔儐濱檳瀕鑌顮矉"
"biq","冰冫仌掤"
"bil","殡鬓摈傧儐擯殯鬢覕"
"bit","必毕筚哔跸荜珌畢蓽嗶滭彃熚罼觱篳鮅縪蹕鏎饆韠鷝"
"biu","紑鴀哹"
"biw","富鍑"
"biv","否缶缹鴀殕"
"bix","比匕秕妣髀舭朼疕沘"
"bo","逋晡钸峬庯鈽誧鵏抪餔秿陠鯆"
"boh","布佈抪"
"boi","杯盃桮揹"
"boy","背辈褙輩"
"bok","犦襮"
"bon","奔贲锛賁犇錛"
"bol","逩"
"bor","本苯畚"
"box","补谱圃補譜"
"bua","波菠啵皤紴碆嶓"
"buah","播簸譒"
"buak","博搏猼馎愽镈簙鎛餺髆欂襮鑮"
"buan","般搬"
"bual","半绊姅絆靽"
"buar","瓪昄粄"
"buat","般拨钵鲅茇鮁癶盋袚袯缽鉢撥驋鱍襏帗"
"buax","跛駊"
"buk","卜濮蹼幞轐鳪襆獛纀"
"bug","菶琫"
"bux","掊"
"biiu","彪髟骉驫"
"byay","废砩祓袚廢橃癈"
"byaq","方坊邡枋匚钫汸牥蚄趽鈁鴋"
"byac","放舫趽"
"byag","昉瓬倣"
"byap","法珐灋琺"
"byek","碧"
"byoi","非飞诽扉绯飛猆緋餥馡騑騛誹"
"byoy","沸芾鲱鯡疿茀"
"byoj","匪蜚榧篚餥蜰棐"
"biuk","福幅复腹辐蝠偪楅葍輻踾鶝褔複輹鍑菐"
"biun","分吩餴饙"
"biuq","风疯枫砜風偑猦楓碸瘋檒飌"
"biuc","讽諷"
"biul","奋粪瀵偾僨奮糞"
"biur","粉黺"
"byo","夫肤呋跗趺邞伕妋玞衭鈇鳺膚簠柎"
"byoh","付傅咐赋陚賦"
"byon","藩蕃轓籓鱕鐇"
"byoq","封葑崶犎篈"
"byoc","葑"
"byog","覂"
"byol","贩畈販"
"byor","反返坂橎"
"byot","发颰發髮冹"
"byox","府斧俯甫腑莆脯黼郙俌簠蚥鯆蜅頫"
"biut","不弗氟钚绂芾绋黻鈈巿甶冹帗韨柫笰翇紱紼綍韍髴"
"ka","珂轲軻"
"kaa","咖"
"kaah","疴髂"
"kaak","客喀揢礊"
"kaam","嵌"
"kaan","豻馯鬜"
"kaaq","坑硎砊劥阬"
"kaat","趏楬磍"
"kaau","敲跤硗鄗礉骹墝頝磽"
"kaaw","礉"
"kaav","巧"
"kaax","卡佧胩锎鉲跒"
"kaei","揩"
"kaey","烗"
"kaej","楷锴蒈鍇"
"kaek","缂諽緙礊罊"
"kaem","嵁厱鹐鵮"
"kaeb","歉"
"kaef","撖槏"
"kaen","悭臤掔慳顅鬝鬜羥"
"kaeq","铿硁牼硜硻誙銵鏗摼鳽羥殸"
"kaep","恰掐帢"
"kaet","咭葜劼硈鬝鬜擖"
"kah","蚵艐"
"kay","溘愒"
"kak","恪愙"
"kam","坩"
"kab","瞰阚闞嚂"
"kan","看刊靬栞臤"
"kaq","康糠漮槺穅躿邟"
"kac","抗炕亢伉钪颃闶蚢頏邟犺砊閌鈧阬"
"kag","慷骯忼懬"
"kal","看靬偘衎"
"kar","侃衎"
"kaok","确壳悫觳毃殼埆硞塙搉愨碻確燩礐峃嶨"
"kaoq","腔跫涳悾椌羫"
"kap","磕瞌榼"
"kat","渴骹嵑"
"kau","尻訄"
"kaw","靠铐槁犒稾熇薧銬"
"kav","考烤拷栲挢槀祰燺撟丂攷洘薧"
"kax","可坷岢"
"kei","溪檕嵠磎螇谿鸂"
"key","契恝栔蟿罊"
"kej","启稽卟綮啟啓棨晵闙"
"kek","吃喫燩"
"kem","谦謙"
"keb","傔"
"kef","肷慊嗛膁"
"ken","牵岍汧蚈牽雃掔縴郉"
"kec","罄磬鑋殸"
"keg","謦"
"kel","蚬汧菣蜆俔涀"
"ker","豤蜸"
"keoi","开侅奒開"
"keoy","慨忾闿闓鎧欬嘅愾"
"keoj","凯恺铠垲闿凱塏輆愷暟闓鎧颽"
"keok","克刻咳氪剋勀勊娔"
"keom","堪龛戡撖嵁龕"
"keob","勘轗竷崁磡"
"keof","砍坎莰埳惂歁輡顑轗竷臽錎"
"keog","肯肎"
"keol","裉"
"keor","垦恳啃豤墾懇"
"keop","溘匌歁峇"
"kep","惬箧匧悏愜篋"
"ket","锲挈栔蛪鍥猰"
"keu","郻鄡墽"
"kew","窍撬撽竅"
"kev","硗磽"
"kia","佉呿"
"keek","隙郄郤绤綌"
"keeq","卿"
"keec","庆慶"
"kee","崎桤攲踦觭榿碕"
"keeh","掎"
"keey","憩愒甈"
"keef","嵰"
"keen","骞愆褰騫諐攐"
"keet","愒朅藒"
"keeu","橇鞒憍趫鞽"
"keew","譑趬"
"keex","绮觭碕婍綺"
"kiak","却卻"
"kiam","厱"
"kiab","欠"
"kiaf","欦"
"kiaq","羌蜣猐"
"kiac","唴羻"
"kiag","羟羥"
"kiap","怯魥抾胠呿"
"kieh","吱蚑跂"
"kief","脥"
"kieq","轻氢氫輕鑋"
"kiel","谴缱晵繾譴"
"kier","遣缱繾"
"kioy","气汽炁盵氣"
"kioj","岂豈"
"kieu","跷繑趬蹺蹻"
"kiex","企跂"
"kih","弃夡棄蟿"
"keh","器"
"keim","钦衾菳嵚嶔顉欽"
"keib","揿搇撳"
"keif","顉坅"
"keil","螼"
"keip","泣湆"
"kif","坅"
"kiq","硱"
"kil","臤菣"
"kir","螼"
"kio","墟圩祛椐阹胠袪魼"
"kioh","去胠呿麮鼁"
"kion","攑"
"kiox","去弆麮"
"kii","欺娸僛魌抾"
"kiy","唭"
"kiir","赾"
"kiit","契乞"
"kij","起杞屺芑邔玘"
"kit","诘趌蛣詰"
"kiu","丘龟邱蚯龜蓲丠坵恘訄"
"kiv","糗"
"ko","枯挎轱骷刳軲橭扝郀跍鮬"
"koh","库裤绔庫袴絝褲"
"koi","恢魁诙盔悝詼顝"
"koy","块堁凷塊"
"koj","傀顝磈"
"kok","酷喾焅嚳硞"
"kon","坤髡巛豤髖臗"
"kol","困涃睏"
"kor","捆悃阃壸梱硱稇裍壼綑閫齫"
"kot","窟堀胐矻顝泏"
"kox","苦"
"ku","抠芤鞴眍韝剾摳彄瞘滱"
"kua","科棵稞窠蝌髁萪嵙犐薖簻"
"koa","夸姱誇"
"koah","跨胯"
"koay","快筷哙噲璯駃"
"koax","垮髁銙骻"
"koe","呙絓咼喎"
"koei","擓"
"koey","蒯喟篑蒉凷墤蕢嘳嬇簣"
"kuah","课髁骒敤堁課騍"
"kuay","凷"
"kuak","扩廓漷噋擴鞟鞹籗"
"kuan","宽髋寬髖"
"kuac","旷圹纩壙曠爌矌纊"
"kuag","夼懬爌"
"kuar","款梡欵歀窾"
"kuat","阔蛞筈闊"
"kuax","颗顆敤堁"
"kuei","奎睽暌蝰茥鮭湀刲聧楏藈"
"kuek","阒闃"
"kueg","苘絅褧顈檾烓"
"kuer","犬犭"
"kuet","喹阕湀闋"
"kuh","扣寇筘怐滱瞉簆鷇"
"kuk","哭"
"kuq","空倥崆箜埪涳悾硿鵼椌"
"kuc","空控倥悾鞚"
"kug","孔倥"
"kux","口叩竘釦"
"kue","亏虧"
"kyan","圈鬈桊弮棬"
"kyal","絭"
"kyak","躩"
"kyaf","凵"
"kyaq","框筐眶匡哐邼劻洭恇軭"
"kyap","姂猲"
"kye","窥窺闚"
"kyeh","觖"
"kyeq","倾傾"
"kyeg","顷苘頔頃檾"
"kyoi","蘬"
"kyet","缺蒛"
"kyex","跬頍"
"kui","岿蘬巋"
"kuy","喟尯嘳樻腃"
"kuin","蜠箟箘壸壼囷峮輑"
"kuj","蘬"
"kiuk","曲鞠麴麯"
"kiuq","穹芎匑焪"
"kiuc","焪"
"kyo","区驱躯岖摳區嶇敺軀驅鰸"
"kyok","曲蛐匤髷"
"kyoq","銎"
"kyog","恐"
"kyol","券劝绻劵絭綣虇韏勸"
"kyor","绻裷綣虇"
"kyot","阙闕"
"kyox","龋踽竘齲"
"kiut","屈诎詘"
"sa","嗦娑挲桫挱傞獻"
"sak","索溹"
"sam","三仨叁弎鬖"
"sab","三"
"san","珊姗跚姍"
"saq","桑丧桒喪"
"sac","丧喪"
"sag","嗓搡颡磉顙"
"sal","散帴繖"
"sar","散伞馓傘糤繖鏾饊"
"sap","卅仨靸"
"sat","撒萨攃摋薩躠"
"sau","艘骚缫搔臊缲鳋溞慅繅颾騷鰠鱢繰"
"saw","噪瘙埽髞喿譟"
"sav","扫燥嫂掃糔"
"sax","褨縒"
"sei","西撕栖犀硒嘶樨舾粞棲屖"
"sey","细婿細壻"
"sej","洗"
"sek","析锡晰淅皙蜥裼菥惁緆錫"
"sen","先酰跹蹮躚"
"seq","星腥猩惺鉎煋篂鮏曐鯹"
"sec","睲"
"seg","醒箵"
"sel","霰軐"
"ser","铣冼燹跣筅銑姺毨箲"
"seoi","腮噻鳃粞毢揌顋鰓愢"
"seoy","赛塞賽簺"
"seok","塞"
"seom","毵犙毿蔘"
"seob","俕閐"
"seof","糁糂糝糣槮"
"seoq","僧鬙"
"seop","圾飒趿靸钑馺颯鈒霅"
"sep","燮躞蜨韘徢屟屧鞢"
"set","屑楔榍揳偰僁糏躠"
"seu","萧潇箫瞍踃潚橚翛撨箾蕭彇蟏蟰簫瀟蠨"
"sew","啸嘯熽歗"
"sev","筱謏篠"
"si","私厶俬鐁鋖"
"sia","些"
"siah","卸泻瀉蝑"
"siax","写寫"
"siak","削"
"siaq","相箱湘襄厢镶缃骧葙廂緗忀瓖欀纕鑲驤"
"siac","相"
"siag","想鲞鯗"
"sie","斯厮菥虒榹凘禠磃廝燍蟴鐁鼶謕蜤螔傂"
"sieh","赐澌賜儩杫"
"siek","惜昔舄棤鬄焟蕮潟磶"
"siem","纤暹彡綅铦銛憸韱孅襳纖枮"
"sien","仙鲜籼跹氙硟奾苮秈僊鮮廯躚鱻"
"siec","性姓"
"sieg","省擤渻睲"
"siel","线腺惗綫線"
"sier","鲜癣藓燹鮮廯狝尠尟獮蘚癬"
"siet","泄薛亵绁渫齛禼紲媟絬暬緤褻疶辥絏"
"sieu","消销哨宵硝霄逍绡蛸魈莦鮹焇痟揱綃銷奞"
"siew","笑肖鞘韒"
"siev","小"
"siex","玺徙蓰壐璽"
"sih","四肆泗驷亖柶牭肂駟蕼"
"sik","息熄媳螅鄎蒠瘜"
"sim","心芯忄杺"
"sif","罧伈"
"sin","新辛薪锌鋅"
"sil","信讯汛囟阠顖卂訙訊奞"
"sio","胥谞揟楈稰蝑諝湑藇"
"sioh","絮"
"siox","糈醑谞楈稰諝湑"
"sip","霫卌"
"sii","思司丝锶咝鸶缌恖絲楒禗罳蕬噝緦鍶鷥偲覗"
"siy","伺笥覗"
"sij","葸萆枲諰"
"sit","悉膝蟋厀窸僁"
"siu","修羞馐脩樇饈"
"siw","秀宿绣锈琇銹繡鏽蜏"
"siv","醙滫糔"
"six","死"
"sji","尸蓍鸤屍鳲"
"sja","奢赊畲猞賒畬"
"sjah","舍赦厍舎厙涻騇"
"sjax","舍啥捨騇"
"sjak","烁铄獡爍鑠爚"
"sjaq","商伤墒觞殇熵塲傷蔏慯殤螪觴饟禓"
"sjac","饷蟓蠰慯餉饟珦曏"
"sjag","赏賞饟曏"
"sje","施铊鸍絁葹鍦鉈"
"sjeh","翅啻卶翄翨鍦馶"
"sjey","世势贳丗貰勢"
"sjek","适释哧螫冟睗適奭檡釋襫晹"
"sjem","苫痁"
"sjeb","苫閃煔掞"
"sjef","闪陕陝閃睒覢"
"sjen","膻埏脠搧鯅羶挻"
"sjeq","声聲"
"sjec","圣聖"
"sjel","扇煽骟傓謆騸"
"sjep","摄歙滠弽韘攝灄欇葉"
"sjet","设設蔎"
"sjeu","烧燒"
"sjew","少"
"sjev","少"
"sjex","弛豕阤"
"sjik","式识饰拭轼鉽識烒軾飾"
"sjim","深"
"sjif","审沈婶谂淰邥宷魫諗審瞫嬸"
"sjin","身申伸绅呻娠砷胂珅柛眒紳訷"
"sjiq","升胜昇陞勝抍"
"sjic","胜勝榺蕂膡"
"sjil","抻眒阠"
"sjir","哂矧弞矤訠頣"
"sjo","书舒纾書紓鵨瑹"
"sjoh","恕庶樜"
"sjox","鼠暑黍癙"
"sjip","湿溼濕"
"sjii","诗齝邿呞詩"
"sjiy","试弑僿弒試"
"sjij","始"
"sjit","室失"
"sju","收"
"sjuh","首守兽狩獸"
"sjux","手首守艏扌"
"sjix","矢屎"
"svey","说税帨涗稅裞說"
"svet","说說"
"svil","瞬舜蕣瞚鬊眴"
"svir","賰"
"svix","水氵"
"sjuk","叔倏菽尗倐掓跾鮛虪儵翛"
"svo","输鄃輸隃"
"svoh","戍腧隃"
"svok","束"
"svoq","舂摏憃蹖"
"so","苏酥稣甦穌蘇囌"
"soh","素诉塑溯愫嗉泝傃訴塐遡膆愬"
"soi","毸挼嗺"
"soy","碎谇啐誶繀"
"sok","裻洬"
"son","孙荪狲飧孫搎蓀猻蕵薞"
"soq","鬆"
"soc","宋"
"sol","逊巽潠遜愻顨"
"sor","损損"
"sot","窣"
"saa","沙纱砂鲨痧裟紗桬硰魦鯊髿"
"saah","嗄"
"saam","衫芟髟彡穇縿"
"saab","钐釤"
"saan","删潸讪刪狦訕"
"saaq","生牲笙甥狌珄鉎鼪"
"saal","汕栅讪疝狦訕柵"
"saap","唼啑帹翜翣"
"saau","梢捎艄筲绡蛸莦弰娋旓輎颵髾鮹"
"saaw","稍潲娋揱"
"saav","潲髾"
"saax","洒灑"
"sae","籭諰"
"saeh","晒曬"
"saei","崽"
"saey","铩閷鎩"
"saek","拺栜擌摵愬溹虩"
"saem","杉掺摻櫼檆攕"
"saef","掺摻醦"
"saen","山舢邖"
"saer","产浐產産嵼滻簅摌"
"saep","霎歃萐喢箑"
"saet","杀煞铩脎帴殺蔱榝鎩"
"saex","躧"
"saok","数朔槊嗍蒴搠數矟欶揱箾"
"saoq","双泷瀧雙艭"
"saoc","淙"
"seek","索溹"
"seeq","狌珄鼪"
"seec","鼪貹"
"seeg","省眚渻"
"see","酾欐簁釃褷襹籭"
"seeh","屣襹"
"seey","铩蔱鎩"
"seem","襳"
"seep","霎歃萐喢箑"
"seet","摋榝"
"seex","屣酾蓰矖纚簁釃縰躧"
"seaq","霜孀蠰骦騻鷞鹴驦鸘"
"seag","爽鷞塽漺樉"
"se","师筛狮蛳篩師蒒獅鰤螄"
"seim","森参參棽槮穼蓡蔘薓曑襳"
"seib","渗罧滲"
"seif","槮瘆瘮"
"seip","涩钑雭歰澁濇澀翜鈒"
"seik","色啬穑铯嫱嬙嗇銫濇懎穡繬轖"
"sein","莘诜扟屾侁籸甡兟詵駪燊姺阠"
"seo","疏梳蔬酾疋釃疎綀踈"
"seoh","踈捒"
"seox","所疋糈齭盨"
"seiy","使"
"seij","使史驶駛"
"seit","瑟虱鲺璱飋蝨鯴"
"seiu","搜馊飕溲锼螋犙捜鄋蒐獀廋醙鎪餿颼騪"
"seiw","瘦嗖鏉"
"seiv","溲"
"soah","誜"
"soan","闩閂"
"soal","涮孿"
"soat","刷唰"
"soax","傻耍葰"
"siiu","犙"
"syan","栓"
"syal","孪孿"
"syat","唰"
"suex","甩"
"sui","衰摔榱"
"suy","帅帥"
"suit","率帅蟀帥咰"
"seuk","缩谡摵謏樎謖蹜摍縮莤"
"syu","毹螋橾"
"syuh","数捒數"
"syux","数籔數"
"su","涑锼鏉摗鎪"
"sua","莎梭唆蓑羧魦莏趖髿"
"suan","酸狻痠"
"sual","算蒜祘笇筭"
"suar","算匴篹"
"suax","锁琐唢葰惢嗩溑瑣鎖"
"suh","嗽漱嗾鏉謏欶瘶"
"suk","速簌僳涑蔌觫棴梀殐遬樕餗藗"
"suq","忪憽檧"
"suc","送凇鬆"
"sug","檧"
"sux","擞叟薮嗾瞍籔駷廋廀叜傁謏擻藪棷"
"sye","眭"
"syeh","瀡"
"syey","岁櫘歲繐"
"syen","宣揎愃瑄"
"syeq","垶骍觪騂觲"
"syel","渲繏"
"syer","选選"
"syet","雪鳕鱈"
"syex","髓嶲靃"
"syi","虽绥睢濉荽葰夊荾浽雖綏奞"
"syih","粹邃祟谇睟賥誶譢"
"syin","询荀峋郇恂槆檈眴姰珣詢畇"
"syil","迅峻浚陖埈晙鵔鵕迿奞濬"
"syir","笋榫隼筍箰栒簨鵻"
"syit","恤戌卹珬欰訹賉銊"
"siuk","宿肃夙蓿玊骕肅鹔潚璛橚驌鱐鷫蟰"
"siuq","嵩崧菘娀硹"
"syo","需须繻緰須蕦嬃鬚鑐隃"
"syoh","尠"
"syok","粟涑玊憟"
"syoq","松淞凇倯蜙鬆"
"syog","耸怂悚竦傱愯慫駷聳"
"da","多茤"
"dagx","打"
"dah","哆瘅癉跢痑"
"day","带帶艜蹛摕跢"
"dam","担儋頕聸擔甔"
"dab","甔"
"daf","胆紞膽黵"
"dan","单丹郸殚箪瘅襌單匰鄲殫癉簞"
"daq","当档铛裆珰筜當噹璫襠蟷簹鐺檔儅"
"dac","当當擋瓽儅譡闣"
"dag","党挡谠擋黨攩灙欓讜瓽"
"dal","旦笪怛狚觛鴠"
"dar","嬗疸笪亶狚觛"
"dap","耷褡搨笚矺"
"dat","哒靼笪怛妲噠呾炟狚"
"dau","刀氘刂忉裯朷舠鱽魛"
"daw","到倒菿"
"dav","岛倒捣祷懤島禂搗壔擣禱梼檮"
"dax","哆瘅奲癉亸嚲"
"dei","低堤氐柢羝岻奃袛隄趆磾鍉鞮揥腣眡"
"dey","帝蒂谛嚏碲骶柢趆偙僀腣摕蔕諦螮啑渧蝭疐蝃"
"dej","底抵邸坻诋柢弤牴軧觝詆"
"dek","的滴嘀嫡镝杓肑靮馰魡鏑玓啇甋扚樀蹢"
"dem","掂敁詀佔"
"deb","店垫惦埝坫墊唸痁"
"def","点玷踮點"
"den","颠滇癫巅厧傎槙瘨蹎顛顚巔癲齻驒"
"deq","丁钉叮仃疔玎虰釘靪"
"dec","订锭饤矴訂飣錠顁"
"deg","顶鼎酊葶耵奵靪頂薡濎"
"del","殿癜唸"
"der","典碘婰敟蕇琠錪"
"deoi","呆呔懛"
"deoy","戴"
"deoj","歹傣"
"deok","得德锝淂惪鍀"
"deom","耽眈妉酖媅甔"
"deob","馾"
"deof","耽瓭衴黕丼抌"
"deoq","登灯噔簦璒燈竳"
"deoc","凳磴嶝镫隥鐙"
"deog","等戥"
"deop","答瘩嗒褡畣撘荅"
"dep","笘聑跕"
"det","蛭咥"
"deu","雕叼刁貂凋碉鲷奝蛁彫弴琱瞗鵰鯛"
"dew","吊钓茑铞弔伄釣銱瘹窵蔦"
"dev","鸟佻钌茑隝扚屌伄窵釕鳥蔦鸼鵃"
"ta","他她它牠祂痑拕鼧"
"tah","拖"
"tay","太泰汰钛肽酞忕鈦"
"tak","托拓庹橐乇箨柝跅饦侂沰託袥飥馲魠籜萚蘀矺"
"tam","坍聃舑緂"
"tab","澉赕睒舕賧"
"taf","毯忐裧菼緂"
"tan","摊滩瘫嬗啴痑嘽擹攤灘癱譠"
"taq","汤镗羰簜湯蝪薚闛鼞踼鏜"
"tac","烫铴燙鐋"
"tag","躺倘淌傥帑惝耥攩踼偒儻戃曭爣矘"
"tal","炭叹碳湠嘆歎"
"tar","坦钽鉭"
"tap","塔搭塌榻嗒遢鳎溻鲽鰈魼狧鰨傝毾鞳"
"tat","獭挞鞑闼羍跶韃汏躂獺撻澾闥噧"
"tau","滔韬叨洮绦饕夲翢弢絛詜搯幍慆瑫槄縚謟韜蜪"
"taw","套謟"
"tav","讨槄討"
"tax","袉"
"tei","梯睇鷈謕"
"tey","替剃屉涕楴暜戻洟屜殢鬀薙"
"tej","体缇緹軆體挮"
"tek","踢惕剔倜逖硩逷悐籊趯蓨"
"tem","添黇舚"
"teb","忝掭煔舚"
"tef","舔忝栝铦悿餂銛"
"ten","天兲訮詽"
"teq","听厅汀烃町艼庁烴綎鞓聽廳桯"
"tec","侹"
"teg","徎艼圢侹珽脡颋頲"
"tel","瑱睼"
"ter","腆腼淟琠晪痶賟靦錪圢"
"teoi","台胎邰鲐孡鮐"
"teoy","态贷貸曃儓態"
"teok","忑忒铽慝貣脦鋱"
"teom","贪欿貪僋撢"
"teob","探誩傝憛僋撢"
"teof","嗿醓襑黮"
"teon","吞"
"teoq","膯鼟"
"teop","踏溻佮嚃錔鞜濌"
"tep","贴帖萜鉆怗貼跕呫"
"tet","铁餮蛈僣鐵驖飻銕"
"teu","挑佻莜铫祧庣恌聎蓧朓脁銚"
"tew","眺粜鋽咷窱絩趒覜頫糶"
"tev","窱朓"
"to","嶀捈峹庩梌稌悇"
"toh","兔吐菟堍鵵"
"toi","推蓷藬"
"toy","退褪"
"toj","腿煺僓脮骽聉"
"ton","暾燉噋涒黗"
"toq","炵"
"toc","统統"
"tol","褪"
"tor","氽黗畽"
"tot","宊棁梲"
"tox","土钍芏稌圡釷"
"tu","偷鋀鍮媮"
"tua","詑涶"
"tuah","唾嫷毤涶毻"
"tuay","蜕裞娧蛻駾毻"
"tuan","湍偳煓貒"
"tual","彖貒湪褖"
"tuar","痪疃瘓"
"tuat","脱挩侻莌脫棁梲"
"tuax","妥椭媠嫷橢鵎"
"tuh","透咅"
"tuk","秃禿鵚"
"tuq","通恫嗵痌蓪曈"
"tuc","痛"
"tug","桶捅垌曈"
"tux","钭妵鈄斢黈蘣飳"
"diax","嗲"
"taa","哆侘"
"taah","诧姹侘詫"
"taay","虿蠆慸"
"taak","拆坼"
"taaq","撑瞠樘撐橕竀"
"taac","牚"
"taat","獭獺"
"taau","唠嘮"
"taaw","踔趠"
"taax","奼"
"tae","扠"
"taei","搋"
"taef","旵"
"taok","戳踔逴趠晫"
"taoq","憃"
"tee","魑螭摛彲黐誺"
"teey","傺揥慸跇"
"teem","觇覘"
"teeb","觇覘"
"teef","谄諂讇"
"teen","梴鏈脠"
"teer","搌蒇冁蕆囅"
"teep","锸鍤煠"
"teet","彻撤屮聅硩徹"
"teeu","超怊欩"
"teew","朓脁"
"teev","巐"
"teex","褫"
"teak","辶逴辵蠚婼"
"teaq","伥倀鼚"
"teac","畅怅鬯悵暢畼韔"
"teag","昶鋹"
"teek","彳"
"teeq","侦蛏柽赪赬檉蟶竀虰偵"
"teec","靗遉"
"teeg","骋逞裎悜睈騁"
"te","郗瓻絺訵脪辴"
"teh","杘訵跮誺"
"teim","琛郴棽綝賝"
"teib","闖"
"teif","踸鍖"
"tein","胂"
"teil","趁疢"
"teir","辴"
"teip","湁雴漐"
"teit","抶跮眣咥"
"teik","敕饬侙勅恜飭遫慗趩鷘荲栻淔"
"teiq","庱僜睖"
"teic","覴"
"teig","庱"
"teo","樗摅摴攄筡"
"teoh","悇"
"teox","褚楮"
"teii","痴笞癡齝"
"teiy","眙誺佁"
"teij","耻祉恥"
"teiu","抽惆妯瘳婤"
"teiw","畜"
"teiv","丑吜杽杻"
"toey","顡"
"tyan","剶猭"
"tyal","猭鶨"
"tuin","椿杶瑃輴櫄鶞楯"
"tuir","偆"
"tuit","怵黜欪炪"
"teuk","矗搐傗鄐滀苖荲敊稸蓫"
"teuq","忡盅浺"
"tyu","貙"
"tyuk","亍豖梀"
"tyuq","蹱"
"tyuc","憃蹱"
"tyug","宠寵埫"
"do","都嘟醏"
"doh","妒蠹秅奼妬秺螙殬斁"
"doi","堆搥鎚塠嵟磓鴭頧"
"doy","对碓對轛"
"doj","頧謉"
"dok","督笃裻錖篤"
"don","吨敦墩礅弴惇噸驐"
"doq","冬咚氡苳笗鴤"
"dog","湩"
"dol","顿扽頓"
"dor","趸躉"
"dot","柮"
"dox","堵赌睹楮帾暏覩賭"
"daa","觰奓"
"daah","炸咤哆吒膪奼灹奓"
"daak","乇磔舴杔馲虴"
"daac","趟帧柼幀"
"daap","鞢擖霅"
"daat","哳眣"
"daau","嘲啁鳭鸼鵃"
"daaw","罩鵫"
"daax","觰"
"daei","榸"
"daek","摘谪厇矺棏謫讁"
"daem","鹐鵮詀"
"daeb","站"
"daen","譠"
"daeq","玎朾"
"daep","劄"
"daok","桌啄卓琢涿倬诼菿噣孎啅晫斲諑斀"
"daoq","桩樁"
"daoc","戆戇"
"dia","爹"
"dee","知蜘鼅"
"deeh","智潪"
"deem","沾霑"
"deen","鱣邅鳣驙"
"deel","襢"
"deer","展辗搌襢輾皽紾"
"deep","辄耴輒鮿襵"
"deet","哲蜇悊喆嚞"
"deeu","朝"
"deak","着著鐯擆櫡"
"deaq","张張粻餦"
"deac","涨帐胀账漲帳脹痮賬"
"deag","长長"
"deeq","贞桢祯浈貞湞楨禎"
"deeg","徎"
"de","胝秪疷"
"deh","质致轾踬輊疐質駤懥懫騺躓"
"deim","砧椹坫枮碪"
"deib","揕"
"deif","戡"
"dein","珍鎮"
"deil","镇瑱鎭"
"deip","絷馽縶"
"deit","窒蛭膣挃庢铚秷銍螲"
"dex","夂黹"
"deik","陟稙"
"deiq","征徵癥"
"deir","屒"
"deo","猪潴橥豬藸瀦櫫"
"deoh","著"
"deox","贮褚詝貯"
"deiy","置"
"deij","征徵"
"deiu","啁诪侜辀矪輈盩譸咮"
"deiw","昼晝噣咮"
"deiv","肘疛"
"doa","檛膼簻"
"doat","鵽錣窡"
"doeh","膪"
"doey","顡"
"doet","鵽聉娺窡"
"due","棰腄箠"
"dueh","娷諈"
"dyiy","缀啜輟卂笍腏畷綴醊錣餟"
"dyal","转啭轉囀"
"dyar","转轉"
"dyat","辍啜惙剟腏畷醊餟叕罬"
"dui","追娺"
"duy","轛"
"duin","窀迍"
"duit","绌絀逫泏窋"
"deuk","竹筑竺茿築"
"deuq","中忠衷舯"
"deuc","中"
"dyu","株蛛诛邾袾跦誅鴸鼄"
"dyuh","住注驻亍咮壴軴註鉒駐"
"dyuk","瘃孎欘斸钃"
"dyuc","湩堹諥"
"dyug","冢塚"
"dyux","拄丶"
"du","兜蔸篼吺剅侸兠郖"
"dua","桗"
"duah","跺剁挆挅刴桗"
"duay","祋"
"duan","端剬偳褍鍴耑竱"
"dual","断锻瑖腶碫鍛斷"
"duar","短断斷"
"duat","咄掇裰祋剟敠鵽腏"
"duax","朵躲锗缍哚褍朶挆埵綞鬌鍺"
"duh","斗鬥斣闘鬪鬭鬬襡噣"
"duk","豰剢"
"duq","东鸫岽東倲埬菄涷蝀鶇鯟崠"
"duc","栋冻胨涷凍棟腖湩"
"dug","懂董蝀蕫箽"
"dux","斗抖陡蚪阧枓襡"
"diiu","丢铥丟銩厾"
"u","区欧讴鸥瓯沤眍剾瞘蓲漚甌歐膒櫙謳鏂鷗區醧"
"ua","窝挝涡倭莴濄萵渦涹窩撾踒"
"oa","洼哇畖窊窪"
"oah","窊攨"
"oay","懀"
"oan","湾弯潫彎灣"
"oag","浻奣"
"oal","绾綰贃"
"oar","绾綰"
"oe","蛙鼃"
"oei","崴溾瀤碨"
"oen","嬽"
"oeq","泓宖謍"
"oet","挖嗗婠穵嗢"
"uah","涴"
"uay","荟薈嬒瞺濊懀"
"uak","癯蠖鹱鸌雘臒嬳"
"uan","豌剜眢婠帵"
"uaq","汪尢洸尪尣"
"uag","瀇"
"ual","腕惋捥睕"
"uar","碗盌椀"
"uat","斡嬒睕捾焥"
"uax","婐"
"uei","烓"
"uen","渊囦剈弲淵蜎鼘"
"uec","滢蓥鎣瀅"
"ueg","潆濙瀠"
"uel","肙裫噮"
"uet","妜焆"
"uh","沤怄漚慪"
"uk","屋剭"
"uq","翁嗡蓊鹟螉鶲"
"uc","瓮蕹甕罋齆"
"ug","蓊滃勜塕暡郺"
"ux","殴呕怄塸毆嘔慪敺"
"ja","嵯瘥鹾躜艖醝虘蒫嵳蔖鹺齹躦"
"jaen","虥"
"jak","昨柞怍笮砟莋秨筰鈼岝葃飵"
"jam","惭錾慚慙鏨"
"jab","暂錾暫蹔鏨"
"jaf","錾椠槧鏨"
"jan","残戋殘戔帴"
"jaq","藏"
"jac","藏奘臟"
"jag","奘"
"jal","瓒囋瓚穳"
"jar","瓒趱趲瓉瓚禶"
"jat","嶻巀囐囋"
"jau","槽曹嘈漕螬艚蓸褿鐰"
"jav","造皂唣皁唕艁"
"jei","齐脐蛴癠齊懠臍蠐麡"
"jey","剂哜劑齌穧癠嚌懠眥"
"jej","荠鲚鮆癠鱭薺啙"
"jek","寂"
"jen","前湔歬騚"
"jeg","汫"
"jel","洊栫袸臶瀳"
"jeoi","才财材裁財纔溨鼒"
"jeoy","载載酨"
"jeoj","在"
"jeok","贼賊鲗蠈鰂鱡"
"jeom","咱蚕蠶挦撏"
"jeof","歜"
"jeoq","曾层層"
"jeoc","赠贈"
"jeop","杂砸韴磼雜雥"
"jet","截岊嶻巀蠞"
"ji","瓷茨荠糍蛴垐餈薋蠐薺澬"
"jiah","躤褯"
"jiak","嚼爝皭"
"jiaq","墙蔷爿樯戕嫱丬墻薔廧嬙檣牆蘠"
"jiac","匠"
"jie","疵呲茈玼骴飺鴜胔"
"jieh","渍骴髊眥胔漬"
"jiek","籍藉瘠庴塉耤膌踖簎葃"
"jiem","潜螹朁潛灊鬵燂"
"jief","渐錾椠嚵蔪漸螹槧鏨"
"jien","钱錢"
"jieq","情晴氰夝"
"jiec","净靓婧穽淨靚"
"jieg","静睁靖阱穽妌竫靜猙睜"
"jiel","贱賤諓"
"jier","践饯俴踐諓餞"
"jiep","捷疌崨踕誱倢寁"
"jieu","瞧樵憔谯僬劁嶕鐎藮譙顦撨菬"
"jiew","诮噍劁趡趭誚"
"jih","自"
"jik","垐堲"
"jim","梣鈂埐嶜灊鬵"
"jif","蕈"
"jin","秦嗪螓"
"jiq","缯嶒竲驓鄫橧繒"
"jir","尽赆浕盡濜贐"
"jiox","怚袓跙"
"jip","集辑亼箿檝輯鏶慹"
"jii","磁慈兹鹚糍濨礠鶿鷀"
"jiy","字孳孖芓茡牸"
"jit","疾嫉蒺揤愱槉"
"jiu","酋遒蝤鰌崷煪"
"jiw","就鹫殧鷲"
"jiv","湫愀"
"djei","栘"
"djop","遪"
"dja","余畲铊阇闍鍦鉈"
"djax","社"
"djak","勺芍杓妁仢汋"
"djaq","常尚偿尝裳徜嫦甞嘗鋿嚐償"
"djac","上尚绱丄緔"
"djag","上丄"
"dje","匙忯姼眂禔"
"djeh","豉鳀鯷"
"djey","逝誓噬拽筮觢銴遾澨簭忕"
"djek","石硕炻祏鉐鼫碩"
"djem","蟾棎挦撏"
"djeb","赡贍"
"djef","剡"
"djen","单禅蝉婵掸澶鋋儃嬋禪蟬單撣僤"
"djeq","成城诚盛铖郕宬珹筬誠鋮"
"djec","盛晟墭"
"djel","擅禅膳缮鄯嬗禪僐繕饍"
"djer","善鄯鳝蟮僐墠墡磰蟺譱鱓鱔"
"djep","涉欇"
"djet","折"
"djeu","韶轺玿柖軺佋"
"djew","邵劭卲"
"djev","绍袑紹綤佋"
"djex","是氏姼恀徥諟媞褆"
"djih","视嗜醏眂眎視"
"djik","殖埴遈湜寔"
"djim","忱谌訦愖煁瘎諶"
"djib","甚侺"
"djif","甚谌訦"
"djin","晨臣辰宸茞敐麎鷐桭屒"
"djiq","承丞"
"djil","慎昚愼"
"djir","肾蜃脤祳腎鋠"
"djo","蜍稌"
"djoh","薯署曙糬藷"
"djox","墅"
"djip","十什拾褶"
"djii","时莳鲥埘旹時塒蒔榯鼭鰣"
"djiy","侍莳蒔秲"
"djij","市恃铈鈰畤"
"dju","酬雠詶雔醻讎魗鲉鮋"
"djuh","售授詶"
"djux","受寿绶壽綬璹"
"djix","视眎眡視"
"jve","垂陲圌篅倕"
"jveh","瑞睡"
"jvey","啜"
"jven","遄辁圌篅輲歂椯輇諯"
"jvel","叀"
"jver","踹歂腨鄟膞"
"jvex","菙"
"jvi","谁脽誰"
"jvin","纯醇淳鹑莼陙純蒓錞鶉蓴焞"
"djuk","熟淑孰塾婌璹"
"jvo","殊铢洙茱殳杸陎銖"
"jvoh","树澍尌樹"
"jvok","属蜀襩韣襡屬欘蠾"
"jvoq","慵鳙鱅"
"jvog","尰瘇"
"jvox","树竖裋竪豎樹"
"jo","殂徂"
"joh","祚阼胙秨飵"
"joi","摧慛槯檇"
"joj","罪辠"
"jon","存蹲拵袸"
"joq","琮淙慒悰孮潀誴潨賨"
"jol","鳟栫臶鐏鱒"
"jor","鳟鱒"
"jot","捽椊崒崪"
"jox","粗驵觕伹駔麆"
"jaa","查槎苴猹査"
"jaah","乍齰"
"jaay","寨砦"
"jaak","泎齚齰岝"
"jaam","獑毚劖酁嚵巉镵艬鑱嶃"
"jaab","欃镵艬鑱"
"jaaf","巉"
"jaaq","伧傖崢鬇"
"jaal","輚虥"
"jaar","骣驏"
"jaat","铡耫鍘"
"jaau","巢鄛樔轈勦"
"jaax","槎厏"
"jae","柴龇茈祡齜"
"jaeh","眦"
"jaei","豺侪儕麡"
"jaek","啧赜鰿矠嘖耫賾葃"
"jaem","馋錾谗攙獑毚儳酁欃讒饞鏨"
"jaeb","儳"
"jaef","瀺嵁嶃嶄"
"jran","潺孱僝虥"
"jaeq","峥鏳埩崝崢鬇"
"jaer","栈棧輚嶘虥轏"
"jaep","渫牐煠"
"jaet","铡鍘"
"jaok","泶浞簎捔澩汋丵鋜篧灂鷟齺"
"jaoq","淙"
"jaoc","漴"
"jee","齹"
"jeaq","床疒牀"
"jeac","状狀"
"jeim","岑涔笒梣"
"jeir","浕濜"
"jeip","霵"
"jeik","萴溭崱"
"jeiq","磳"
"jeo","锄豠耡鋤鉏"
"jeoh","助耡麆"
"jeox","龃齟鉏"
"jeii","茬茌"
"jeiy","事"
"jeij","士柿仕柹枾戺"
"jeiu","愁"
"jeiw","骤僽驟"
"joar","馔饌"
"joei","膗"
"jux","鲰鯫"
"jyal","馔僝僎襈譔饌籑"
"jyar","撰僎譔"
"jeuq","崇崈"
"jyu","雏媰雛鶵"
"ju","鲰鯫"
"jua","痤矬睉"
"juah","座唑"
"juay","蕞"
"juan","攒躜櫕巑欑攢酇穳襸菆劗躦"
"jual","攅"
"juat","柮"
"juax","坐"
"juh","楱"
"juk","族"
"juq","丛潀潨藂叢"
"jyen","全泉醛牷葲"
"jyer","隽雋"
"jyet","绝絕"
"jyex","惢"
"jyih","萃瘁悴顇"
"jyin","鷷"
"jyit","谇捽誶崒踤"
"jyoh","埾"
"jyoq","从從"
"jyoc","从從"
"jyox","聚鄹"
"iiu","幽呦泑怮"
"yaak","擭濩彟彠"
"ue","萎逶痿蟡覣蜲"
"ueh","餧"
"yan","潫嬽"
"yat","哕噦"
"uex","委骫蜲"
"yay","秽薉獩穢濊饖"
"yak","癯臒彟彠嬳"
"yag","枉"
"yeh","恚"
"yen","娟悁潫嬛蜎"
"yeq","萦嫈褮縈"
"yoi","威葳隇楲蝛鰄媁嵔"
"yoy","喂慰畏蔚尉熨犚罻餵螱褽"
"yoj","磈嵔"
"yet","妜"
"iiw","幼"
"uin","奫蝹赟頵贇"
"iuk","燠栯彧戫隩墺薁稶"
"iun","氲蒀蒕煴氳蝹馧缊熅緼縕蘊"
"iul","酝愠缊慍蕰緼薀醖縕醞"
"iur","蕴恽韫揾搵褞賱惲缊蕰緼薀醖縕醞藴韞蘊"
"yo","迂纡蓲扜陓虶紆"
"yoh","妪蓲嫗饇"
"yon","冤蜿鸳眢裷葾惌蒬鹓鴛鵷"
"yoq","雍臃邕壅痈饔蕹罋嗈噰郺澭雝廱灉癰"
"yoc","灉"
"yog","拥擁"
"yol","怨"
"yor","苑宛婉琬畹菀箢睕倇晼踠惌夗"
"yot","哕噦黦"
"yox","噢伛傴"
"iut","郁尉菀欝鬱灪爩黦"
"iiv","黝蚴眑泑怮"
"xia","斜邪衺"
"xiah","谢榭謝"
"xiax","灺抯"
"xiaq","祥详翔庠詳"
"xiag","像象橡蟓勨嶑潒襐鱌"
"xiek","席夕硅汐矽穸蓆"
"xiem","燅燖爓"
"xien","涎"
"xieq","饧餳"
"xiel","羡羨"
"xim","寻鲟浔镡灊挦撏枔鬵鐔尋鄩噚潯樳襑鱏鱘"
"xil","烬荩赆浕賮壗藎濜燼贐"
"xio","徐俆"
"xiox","序绪叙屿溆敘漵緒鱮藇嶼"
"xip","习袭褶隰習槢霫鳛飁騽鰼襲"
"xii","词辞祠柌詞辝辤辭"
"xiy","寺饲嗣孠飤飼"
"xij","似祀巳耜姒汜鈶佀泤洍禩攺"
"xiu","囚泅慒汓鮂苬"
"xiw","袖岫牰"
"xix","兕羠薙"
"xja","蛇佘畲虵"
"xjah","射麝贳貰"
"xjek","射"
"xjet","舌揲鞨蛥"
"xjex","舐舓"
"xjih","示谥礻眎諡謚貤"
"xjik","食蚀饣蝕"
"xjif","葚"
"xjin","神"
"xjiq","乘绳渑塍乗椉塖溗騬澠憴繩譝鱦"
"xjic","乘剩嵊媵乗鱦剰賸"
"xjox","抒杼"
"xjit","实實"
"xven","船舩"
"xvin","唇脣滣漘紃"
"xvil","顺順揗"
"xvir","吮楯揗"
"xvit","术述沭秫潏朮術袕噊驈鱊"
"xvok","赎贖"
"xeii","漦"
"xeij","涘竢騃"
"xuar","鄹"
"xye","随隋隨"
"xyey","彗軎槥篲轊鏏"
"xyen","旋璇漩镟琁蜁嫙檈璿鏇"
"xyel","漩碹镟嫙縼鏇"
"xyet","踅"
"xyih","穗隧遂燧蔧澻璲檖穟襚旞鐆鐩"
"xyin","旬循巡驯洵楯紃揗灥馴畇"
"xyil","徇殉侚"
"xyok","续俗藚續"
"xyoq","松"
"xyoc","颂诵讼訟頌誦吅"
